,__logger_started__,_checkpoint,_cmp_greater,_nonjson_fields,best_checkpoint_attr_value,best_result,checkpoint_at_end,checkpoint_freq,checkpoint_score_attr,config:dropout,config:hidden_size,config:l1_reg,config:l2_reg,config:num_layers,config:opt_batch_per_epoch,config:ssipp_teacher_heuristic,config:supervised_batch_size,config:target_rollouts_per_epoch,coverage,custom_trial_name,date,done,dropout,episodes_total,error_file,experiment_id,experiment_tag,export_formats,extra_arg,hidden_size,history,hostname,iterations_since_restore,keep_checkpoints_num,l1_reg,l2_reg,last_debug,last_update_time,local_dir,logdir,loggers,max_failures,node_ip,num_failures,num_layers,opt_batch_per_epoch,param_config,pid,resources:cpu,resources:extra_cpu,resources:extra_gpu,resources:gpu,result_logger,results,runner,ssipp_teacher_heuristic,status,supervised_batch_size,sync_function,target_rollouts_per_epoch,time_since_restore,time_this_iter_s,time_total_s,timestamp,timesteps_since_restore,timesteps_total,trainable_name,training_iteration,trial_id,upload_dir,verbose
0,False,80049553000000000000008c0e7261792e74756e652e747269616c948c0a436865636b706f696e749493942981947d94288c0773746f72616765948c046469736b948c0576616c7565944e8c0b6c6173745f726573756c74947d9475622e,True,"['_checkpoint', 'loggers', 'sync_function', 'results', 'best_result', 'param_config', 'extra_arg']",-inf,80049502000000000000004e2e,False,0,training_iteration,0.0,31.0,0.255027609580881,0.21287079493560526,2.0,1256.0,h-add,49.0,150.0,0.0,,2019-07-07_21-09-28,True,0.0,,,bf5448f2602c47b780fc5fadfbd6dfa2,"1_dropout=0,hidden_size=31,l1_reg=0.25503,l2_reg=0.21287,num_layers=2,opt_batch_per_epoch=1256,ssipp_teacher_heuristic=h-add,supervised_batch_size=49,target_rollouts_per_epoch=150",[],80049502000000000000004e2e,31,[],astar,1.0,,0.255027609580881,0.21287079493560526,1562558968.4365056,1562558968.436508,experiment-results/tune/perform_trial,"experiment-results/tune/perform_trial/perform_trial_1_dropout=0,hidden_size=31,l1_reg=0.25503,l2_reg=0.21287,num_layers=2,opt_batch_per_epoch=1256,ssipp_teacher_heurist_2019-07-07_18-07-16xu5k1fyd",80049502000000000000004e2e,3,169.229.222.160,0,2,1256,80049502000000000000004e2e,363.0,0,0,0,0,,80049502000000000000004e2e,,h-add,TERMINATED,49,80049502000000000000004e2e,150,10931.496410131454,10931.496410131454,10931.496410131454,1562558968.0,0.0,,perform_trial,1.0,b9eac86c,,True
1,False,80049553000000000000008c0e7261792e74756e652e747269616c948c0a436865636b706f696e749493942981947d94288c0773746f72616765948c046469736b948c0576616c7565944e8c0b6c6173745f726573756c74947d9475622e,True,"['_checkpoint', 'loggers', 'sync_function', 'results', 'best_result', 'param_config', 'extra_arg']",-inf,80049502000000000000004e2e,False,0,training_iteration,0.5,7.0,0.009180101329106741,0.04641324035188401,3.0,696.0,lm-cut,63.0,43.0,0.0,,2019-07-07_21-20-59,True,0.5,,,78f36691bac4460b99889d41ac88d144,"2_dropout=0.5,hidden_size=7,l1_reg=0.0091801,l2_reg=0.046413,num_layers=3,opt_batch_per_epoch=696,ssipp_teacher_heuristic=lm-cut,supervised_batch_size=63,target_rollouts_per_epoch=43",[],80049502000000000000004e2e,7,[],astar,1.0,,0.009180101329106741,0.04641324035188401,1562559659.5572152,1562559659.5572171,experiment-results/tune/perform_trial,"experiment-results/tune/perform_trial/perform_trial_2_dropout=0.5,hidden_size=7,l1_reg=0.0091801,l2_reg=0.046413,num_layers=3,opt_batch_per_epoch=696,ssipp_teacher_heur_2019-07-07_18-07-16_pr_93t1",80049502000000000000004e2e,3,169.229.222.160,0,3,696,80049502000000000000004e2e,358.0,0,0,0,0,,80049502000000000000004e2e,,lm-cut,TERMINATED,63,80049502000000000000004e2e,43,11622.617743730545,11622.617743730545,11622.617743730545,1562559659.0,0.0,,perform_trial,1.0,b9eac86d,,True
2,False,80049553000000000000008c0e7261792e74756e652e747269616c948c0a436865636b706f696e749493942981947d94288c0773746f72616765948c046469736b948c0576616c7565944e8c0b6c6173745f726573756c74947d9475622e,True,"['_checkpoint', 'loggers', 'sync_function', 'results', 'best_result', 'param_config', 'extra_arg']",-inf,80049502000000000000004e2e,False,0,training_iteration,0.0,5.0,4.148488825142598e-09,6.37025021364897e-05,2.0,1998.0,h-add,101.0,44.0,0.14888888888888888,,2019-07-07_20-35-31,True,0.0,,,8e54bbe3e1724cc9a78bfdadd9c9e7f5,"3_dropout=0,hidden_size=5,l1_reg=4.1485e-09,l2_reg=6.3703e-05,num_layers=2,opt_batch_per_epoch=1998,ssipp_teacher_heuristic=h-add,supervised_batch_size=101,target_rollouts_per_epoch=44",[],80049502000000000000004e2e,5,[],astar,1.0,,4.148488825142598e-09,6.37025021364897e-05,1562556931.4144995,1562556931.4145036,experiment-results/tune/perform_trial,"experiment-results/tune/perform_trial/perform_trial_3_dropout=0,hidden_size=5,l1_reg=4.1485e-09,l2_reg=6.3703e-05,num_layers=2,opt_batch_per_epoch=1998,ssipp_teacher_he_2019-07-07_18-07-16wdkj8wpo",80049502000000000000004e2e,3,169.229.222.160,0,2,1998,80049502000000000000004e2e,332.0,0,0,0,0,,80049502000000000000004e2e,,h-add,TERMINATED,101,80049502000000000000004e2e,44,8894.444876909256,8894.444876909256,8894.444876909256,1562556931.0,0.0,,perform_trial,1.0,b9eac86e,,True
3,False,80049553000000000000008c0e7261792e74756e652e747269616c948c0a436865636b706f696e749493942981947d94288c0773746f72616765948c046469736b948c0576616c7565944e8c0b6c6173745f726573756c74947d9475622e,True,"['_checkpoint', 'loggers', 'sync_function', 'results', 'best_result', 'param_config', 'extra_arg']",-inf,80049502000000000000004e2e,False,0,training_iteration,0.1,6.0,3.3324644530201356e-06,0.00010290659977124006,1.0,1173.0,lm-cut,80.0,103.0,0.10111111111111111,,2019-07-07_20-52-54,True,0.1,,,ee23c09a93cb4f8fadd82737476e9829,"4_dropout=0.1,hidden_size=6,l1_reg=3.3325e-06,l2_reg=0.00010291,num_layers=1,opt_batch_per_epoch=1173,ssipp_teacher_heuristic=lm-cut,supervised_batch_size=80,target_rollouts_per_epoch=103",[],80049502000000000000004e2e,6,[],astar,1.0,,3.3324644530201356e-06,0.00010290659977124006,1562557974.7448611,1562557974.744864,experiment-results/tune/perform_trial,"experiment-results/tune/perform_trial/perform_trial_4_dropout=0.1,hidden_size=6,l1_reg=3.3325e-06,l2_reg=0.00010291,num_layers=1,opt_batch_per_epoch=1173,ssipp_teacher__2019-07-07_18-07-16ve79cduy",80049502000000000000004e2e,3,169.229.222.160,0,1,1173,80049502000000000000004e2e,335.0,0,0,0,0,,80049502000000000000004e2e,,lm-cut,TERMINATED,80,80049502000000000000004e2e,103,9937.786457061768,9937.786457061768,9937.786457061768,1562557974.0,0.0,,perform_trial,1.0,b9eac86f,,True
4,False,80049553000000000000008c0e7261792e74756e652e747269616c948c0a436865636b706f696e749493942981947d94288c0773746f72616765948c046469736b948c0576616c7565944e8c0b6c6173745f726573756c74947d9475622e,True,"['_checkpoint', 'loggers', 'sync_function', 'results', 'best_result', 'param_config', 'extra_arg']",-inf,80049502000000000000004e2e,False,0,training_iteration,0.0,14.0,0.00473039773902484,0.0031997227049140576,3.0,1891.0,h-add,66.0,39.0,0.10222222222222221,,2019-07-07_23-37-07,True,0.0,,,3425a7307b9442a18235f325b2c9201f,"5_dropout=0,hidden_size=14,l1_reg=0.0047304,l2_reg=0.0031997,num_layers=3,opt_batch_per_epoch=1891,ssipp_teacher_heuristic=h-add,supervised_batch_size=66,target_rollouts_per_epoch=39",[],80049502000000000000004e2e,14,[],astar,1.0,,0.00473039773902484,0.0031997227049140576,1562567827.3631785,1562567827.3631845,experiment-results/tune/perform_trial,"experiment-results/tune/perform_trial/perform_trial_5_dropout=0,hidden_size=14,l1_reg=0.0047304,l2_reg=0.0031997,num_layers=3,opt_batch_per_epoch=1891,ssipp_teacher_heu_2019-07-07_20-35-31_u3jjyz2",80049502000000000000004e2e,3,169.229.222.160,0,3,1891,80049502000000000000004e2e,26521.0,0,0,0,0,,80049502000000000000004e2e,,h-add,TERMINATED,66,80049502000000000000004e2e,39,10894.685668230057,10894.685668230057,10894.685668230057,1562567827.0,0.0,,perform_trial,1.0,b9eac870,,True
5,False,80049553000000000000008c0e7261792e74756e652e747269616c948c0a436865636b706f696e749493942981947d94288c0773746f72616765948c046469736b948c0576616c7565944e8c0b6c6173745f726573756c74947d9475622e,True,"['_checkpoint', 'loggers', 'sync_function', 'results', 'best_result', 'param_config', 'extra_arg']",-inf,80049502000000000000004e2e,False,0,training_iteration,0.1,8.0,0.5459598049371028,0.08084330354036608,2.0,869.0,h-add,66.0,45.0,0.0,,2019-07-07_23-50-23,True,0.1,,,d6e734a498674a2aa4d8e213ae9d23fd,"6_dropout=0.1,hidden_size=8,l1_reg=0.54596,l2_reg=0.080843,num_layers=2,opt_batch_per_epoch=869,ssipp_teacher_heuristic=h-add,supervised_batch_size=66,target_rollouts_per_epoch=45",[],80049502000000000000004e2e,8,[],astar,1.0,,0.5459598049371028,0.08084330354036608,1562568623.900252,1562568623.9002552,experiment-results/tune/perform_trial,"experiment-results/tune/perform_trial/perform_trial_6_dropout=0.1,hidden_size=8,l1_reg=0.54596,l2_reg=0.080843,num_layers=2,opt_batch_per_epoch=869,ssipp_teacher_heuris_2019-07-07_20-52-54dym8x2v9",80049502000000000000004e2e,3,169.229.222.160,0,2,869,80049502000000000000004e2e,25945.0,0,0,0,0,,80049502000000000000004e2e,,h-add,TERMINATED,66,80049502000000000000004e2e,45,10647.90733575821,10647.90733575821,10647.90733575821,1562568623.0,0.0,,perform_trial,1.0,6fe9cd3e,,True
6,False,80049553000000000000008c0e7261792e74756e652e747269616c948c0a436865636b706f696e749493942981947d94288c0773746f72616765948c046469736b948c0576616c7565944e8c0b6c6173745f726573756c74947d9475622e,True,"['_checkpoint', 'loggers', 'sync_function', 'results', 'best_result', 'param_config', 'extra_arg']",-inf,80049502000000000000004e2e,False,0,training_iteration,0.0,14.0,2.936465921022637e-08,0.40077634017963576,3.0,1784.0,h-add,123.0,85.0,0.0,,2019-07-08_00-06-56,True,0.0,,,f65b25cf4ff54d86b538bc1524805045,"7_dropout=0,hidden_size=14,l1_reg=2.9365e-08,l2_reg=0.40078,num_layers=3,opt_batch_per_epoch=1784,ssipp_teacher_heuristic=h-add,supervised_batch_size=123,target_rollouts_per_epoch=85",[],80049502000000000000004e2e,14,[],astar,1.0,,2.936465921022637e-08,0.40077634017963576,1562569616.5567524,1562569616.556754,experiment-results/tune/perform_trial,"experiment-results/tune/perform_trial/perform_trial_7_dropout=0,hidden_size=14,l1_reg=2.9365e-08,l2_reg=0.40078,num_layers=3,opt_batch_per_epoch=1784,ssipp_teacher_heur_2019-07-07_21-09-2825_vc3xr",80049502000000000000004e2e,3,169.229.222.160,0,3,1784,80049502000000000000004e2e,377.0,0,0,0,0,,80049502000000000000004e2e,,h-add,TERMINATED,123,80049502000000000000004e2e,85,10648.00986790657,10648.00986790657,10648.00986790657,1562569616.0,0.0,,perform_trial,1.0,ddce16dc,,True
7,False,80049553000000000000008c0e7261792e74756e652e747269616c948c0a436865636b706f696e749493942981947d94288c0773746f72616765948c046469736b948c0576616c7565944e8c0b6c6173745f726573756c74947d9475622e,True,"['_checkpoint', 'loggers', 'sync_function', 'results', 'best_result', 'param_config', 'extra_arg']",-inf,80049502000000000000004e2e,False,0,training_iteration,0.5,24.0,0.007192280606882304,0.002577545316657056,2.0,1497.0,h-add,100.0,40.0,0.0,,2019-07-08_00-15-12,True,0.5,,,9ab5fd829a984cf6a42103b807f66f16,"8_dropout=0.5,hidden_size=24,l1_reg=0.0071923,l2_reg=0.0025775,num_layers=2,opt_batch_per_epoch=1497,ssipp_teacher_heuristic=h-add,supervised_batch_size=100,target_rollouts_per_epoch=40",[],80049502000000000000004e2e,24,[],astar,1.0,,0.007192280606882304,0.002577545316657056,1562570112.8035693,1562570112.803571,experiment-results/tune/perform_trial,"experiment-results/tune/perform_trial/perform_trial_8_dropout=0.5,hidden_size=24,l1_reg=0.0071923,l2_reg=0.0025775,num_layers=2,opt_batch_per_epoch=1497,ssipp_teacher_h_2019-07-07_21-20-59adnpoikb",80049502000000000000004e2e,3,169.229.222.160,0,2,1497,80049502000000000000004e2e,366.0,0,0,0,0,,80049502000000000000004e2e,,h-add,TERMINATED,100,80049502000000000000004e2e,40,10453.149295330048,10453.149295330048,10453.149295330048,1562570112.0,0.0,,perform_trial,1.0,2e0e197e,,True
8,False,80049553000000000000008c0e7261792e74756e652e747269616c948c0a436865636b706f696e749493942981947d94288c0773746f72616765948c046469736b948c0576616c7565944e8c0b6c6173745f726573756c74947d9475622e,True,"['_checkpoint', 'loggers', 'sync_function', 'results', 'best_result', 'param_config', 'extra_arg']",-inf,80049502000000000000004e2e,False,0,training_iteration,0.5,30.0,1.7524487037970094e-05,0.024605046513753493,2.0,1152.0,lm-cut,120.0,62.0,0.06111111111111112,,2019-07-08_02-33-17,True,0.5,,,7dae0877767941a0abdb28e88f732bd3,"9_dropout=0.5,hidden_size=30,l1_reg=1.7524e-05,l2_reg=0.024605,num_layers=2,opt_batch_per_epoch=1152,ssipp_teacher_heuristic=lm-cut,supervised_batch_size=120,target_rollouts_per_epoch=62",[],80049502000000000000004e2e,30,[],astar,1.0,,1.7524487037970094e-05,0.024605046513753493,1562578397.9024305,1562578397.9024343,experiment-results/tune/perform_trial,"experiment-results/tune/perform_trial/perform_trial_9_dropout=0.5,hidden_size=30,l1_reg=1.7524e-05,l2_reg=0.024605,num_layers=2,opt_batch_per_epoch=1152,ssipp_teacher_h_2019-07-07_23-37-07wzr5hnbn",80049502000000000000004e2e,3,169.229.222.160,0,2,1152,80049502000000000000004e2e,370.0,0,0,0,0,,80049502000000000000004e2e,,lm-cut,TERMINATED,120,80049502000000000000004e2e,62,10570.07774400711,10570.07774400711,10570.07774400711,1562578397.0,0.0,,perform_trial,1.0,c9feaa46,,True
9,False,80049553000000000000008c0e7261792e74756e652e747269616c948c0a436865636b706f696e749493942981947d94288c0773746f72616765948c046469736b948c0576616c7565944e8c0b6c6173745f726573756c74947d9475622e,True,"['_checkpoint', 'loggers', 'sync_function', 'results', 'best_result', 'param_config', 'extra_arg']",-inf,80049502000000000000004e2e,False,0,training_iteration,0.1,21.0,5.612739597644901e-05,1.158411722412597e-05,2.0,1675.0,lm-cut,33.0,101.0,0.12333333333333334,,2019-07-08_02-45-31,True,0.1,,,dd4cd0aa126f4cadbf4fbc58154cd522,"10_dropout=0.1,hidden_size=21,l1_reg=5.6127e-05,l2_reg=1.1584e-05,num_layers=2,opt_batch_per_epoch=1675,ssipp_teacher_heuristic=lm-cut,supervised_batch_size=33,target_rollouts_per_epoch=101",[],80049502000000000000004e2e,21,[],astar,1.0,,5.612739597644901e-05,1.158411722412597e-05,1562579131.070318,1562579131.0703223,experiment-results/tune/perform_trial,"experiment-results/tune/perform_trial/perform_trial_10_dropout=0.1,hidden_size=21,l1_reg=5.6127e-05,l2_reg=1.1584e-05,num_layers=2,opt_batch_per_epoch=1675,ssipp_teache_2019-07-07_23-50-23otaedoc6",80049502000000000000004e2e,3,169.229.222.160,0,2,1675,80049502000000000000004e2e,25937.0,0,0,0,0,,80049502000000000000004e2e,,lm-cut,TERMINATED,33,80049502000000000000004e2e,101,10505.902775526047,10505.902775526047,10505.902775526047,1562579131.0,0.0,,perform_trial,1.0,ce67f44e,,True
10,False,80049553000000000000008c0e7261792e74756e652e747269616c948c0a436865636b706f696e749493942981947d94288c0773746f72616765948c046469736b948c0576616c7565944e8c0b6c6173745f726573756c74947d9475622e,True,"['_checkpoint', 'loggers', 'sync_function', 'results', 'best_result', 'param_config', 'extra_arg']",-inf,80049502000000000000004e2e,False,0,training_iteration,0.1,18.0,3.229136601100512e-05,0.0019067246045035104,1.0,268.0,h-add,112.0,34.0,0.11,,2019-07-08_03-00-15,True,0.1,,,b68c4a1309a146d99080b5e085b4e475,"11_dropout=0.1,hidden_size=18,l1_reg=3.2291e-05,l2_reg=0.0019067,num_layers=1,opt_batch_per_epoch=268,ssipp_teacher_heuristic=h-add,supervised_batch_size=112,target_rollouts_per_epoch=34",[],80049502000000000000004e2e,18,[],astar,1.0,,3.229136601100512e-05,0.0019067246045035104,1562580015.1942115,1562580015.1942132,experiment-results/tune/perform_trial,"experiment-results/tune/perform_trial/perform_trial_11_dropout=0.1,hidden_size=18,l1_reg=3.2291e-05,l2_reg=0.0019067,num_layers=1,opt_batch_per_epoch=268,ssipp_teacher__2019-07-08_00-06-56hx4jf77g",80049502000000000000004e2e,3,169.229.222.160,0,1,268,80049502000000000000004e2e,25056.0,0,0,0,0,,80049502000000000000004e2e,,h-add,TERMINATED,112,80049502000000000000004e2e,34,10398.475756406784,10398.475756406784,10398.475756406784,1562580015.0,0.0,,perform_trial,1.0,a9320d52,,True
11,False,80049553000000000000008c0e7261792e74756e652e747269616c948c0a436865636b706f696e749493942981947d94288c0773746f72616765948c046469736b948c0576616c7565944e8c0b6c6173745f726573756c74947d9475622e,True,"['_checkpoint', 'loggers', 'sync_function', 'results', 'best_result', 'param_config', 'extra_arg']",-inf,80049502000000000000004e2e,False,0,training_iteration,0.0,9.0,0.0991405085961735,0.08088049718204166,3.0,1625.0,lm-cut,110.0,35.0,0.0,,2019-07-08_03-11-52,True,0.0,,,ac4bb40444284fe2b1a341ab6c92eae7,"12_dropout=0,hidden_size=9,l1_reg=0.099141,l2_reg=0.08088,num_layers=3,opt_batch_per_epoch=1625,ssipp_teacher_heuristic=lm-cut,supervised_batch_size=110,target_rollouts_per_epoch=35",[],80049502000000000000004e2e,9,[],astar,1.0,,0.0991405085961735,0.08088049718204166,1562580712.8954759,1562580712.8954773,experiment-results/tune/perform_trial,"experiment-results/tune/perform_trial/perform_trial_12_dropout=0,hidden_size=9,l1_reg=0.099141,l2_reg=0.08088,num_layers=3,opt_batch_per_epoch=1625,ssipp_teacher_heuris_2019-07-08_00-15-12qhpv2ow9",80049502000000000000004e2e,3,169.229.222.160,0,3,1625,80049502000000000000004e2e,371.0,0,0,0,0,,80049502000000000000004e2e,,lm-cut,TERMINATED,110,80049502000000000000004e2e,35,10599.99100279808,10599.99100279808,10599.99100279808,1562580712.0,0.0,,perform_trial,1.0,f8d50b32,,True
12,False,80049553000000000000008c0e7261792e74756e652e747269616c948c0a436865636b706f696e749493942981947d94288c0773746f72616765948c046469736b948c0576616c7565944e8c0b6c6173745f726573756c74947d9475622e,True,"['_checkpoint', 'loggers', 'sync_function', 'results', 'best_result', 'param_config', 'extra_arg']",-inf,80049502000000000000004e2e,False,0,training_iteration,,,,,,,,,,,,,,0.1,,,,"13_dropout=0.1,hidden_size=16,l1_reg=0.00022723,l2_reg=0.0052092,num_layers=3,opt_batch_per_epoch=1790,ssipp_teacher_heuristic=lm-cut,supervised_batch_size=59,target_rollouts_per_epoch=47",[],80049502000000000000004e2e,16,[],,,,0.000227230065980183,0.005209161854395368,0.0,-inf,experiment-results/tune/perform_trial,"experiment-results/tune/perform_trial/perform_trial_13_dropout=0.1,hidden_size=16,l1_reg=0.00022723,l2_reg=0.0052092,num_layers=3,opt_batch_per_epoch=1790,ssipp_teacher_2019-07-08_02-33-17xxn_33q2",80049502000000000000004e2e,3,,0,3,1790,80049502000000000000004e2e,,0,0,0,0,,80049502000000000000004e2e,,lm-cut,ERROR,59,80049502000000000000004e2e,47,,,,,,,perform_trial,,209e16b2,,True
13,False,80049553000000000000008c0e7261792e74756e652e747269616c948c0a436865636b706f696e749493942981947d94288c0773746f72616765948c046469736b948c0576616c7565944e8c0b6c6173745f726573756c74947d9475622e,True,"['_checkpoint', 'loggers', 'sync_function', 'results', 'best_result', 'param_config', 'extra_arg']",-inf,80049502000000000000004e2e,False,0,training_iteration,0.0,18.0,0.0019482936596465642,0.00030610087820975135,2.0,1735.0,h-add,32.0,27.0,0.16000000000000003,,2019-07-08_05-23-22,True,0.0,,,c63a33b7561a4d45a9cd28e124d71f62,"14_dropout=0,hidden_size=18,l1_reg=0.0019483,l2_reg=0.0003061,num_layers=2,opt_batch_per_epoch=1735,ssipp_teacher_heuristic=h-add,supervised_batch_size=32,target_rollouts_per_epoch=27",[],80049502000000000000004e2e,18,[],astar,1.0,,0.0019482936596465642,0.00030610087820975135,1562588602.5135067,1562588602.5135098,experiment-results/tune/perform_trial,"experiment-results/tune/perform_trial/perform_trial_14_dropout=0,hidden_size=18,l1_reg=0.0019483,l2_reg=0.0003061,num_layers=2,opt_batch_per_epoch=1735,ssipp_teacher_he_2019-07-08_02-45-321yfgmz0d",80049502000000000000004e2e,3,169.229.222.160,0,2,1735,80049502000000000000004e2e,25936.0,0,0,0,0,,80049502000000000000004e2e,,h-add,TERMINATED,32,80049502000000000000004e2e,27,9468.988768815994,9468.988768815994,9468.988768815994,1562588602.0,0.0,,perform_trial,1.0,6af2d3b6,,True
14,False,80049553000000000000008c0e7261792e74756e652e747269616c948c0a436865636b706f696e749493942981947d94288c0773746f72616765948c046469736b948c0576616c7565944e8c0b6c6173745f726573756c74947d9475622e,True,"['_checkpoint', 'loggers', 'sync_function', 'results', 'best_result', 'param_config', 'extra_arg']",-inf,80049502000000000000004e2e,False,0,training_iteration,0.0,18.0,0.0019482936596465642,0.00030610087820975135,2.0,1735.0,h-add,32.0,27.0,0.1822222222222222,,2019-07-08_05-39-54,True,0.0,,,52359c5a4aa241f3aee279e982318897,"15_dropout=0,hidden_size=18,l1_reg=0.0019483,l2_reg=0.0003061,num_layers=2,opt_batch_per_epoch=1735,ssipp_teacher_heuristic=h-add,supervised_batch_size=32,target_rollouts_per_epoch=27",[],80049502000000000000004e2e,18,[],astar,1.0,,0.0019482936596465642,0.00030610087820975135,1562589594.8138914,1562589594.8138945,experiment-results/tune/perform_trial,"experiment-results/tune/perform_trial/perform_trial_15_dropout=0,hidden_size=18,l1_reg=0.0019483,l2_reg=0.0003061,num_layers=2,opt_batch_per_epoch=1735,ssipp_teacher_he_2019-07-08_02-53-23bor3_vsy",80049502000000000000004e2e,3,169.229.222.160,0,2,1735,80049502000000000000004e2e,26554.0,0,0,0,0,,80049502000000000000004e2e,,h-add,TERMINATED,32,80049502000000000000004e2e,27,9990.83650970459,9990.83650970459,9990.83650970459,1562589594.0,0.0,,perform_trial,1.0,20c42b1c,,True
15,False,80049553000000000000008c0e7261792e74756e652e747269616c948c0a436865636b706f696e749493942981947d94288c0773746f72616765948c046469736b948c0576616c7565944e8c0b6c6173745f726573756c74947d9475622e,True,"['_checkpoint', 'loggers', 'sync_function', 'results', 'best_result', 'param_config', 'extra_arg']",-inf,80049502000000000000004e2e,False,0,training_iteration,0.1,12.0,0.9901014431530859,3.433822195828845e-05,1.0,1733.0,lm-cut,41.0,14.0,0.0,,2019-07-08_05-54-13,True,0.1,,,8b9fa8e87c2741b8af600d269edac35d,"16_dropout=0.1,hidden_size=12,l1_reg=0.9901,l2_reg=3.4338e-05,num_layers=1,opt_batch_per_epoch=1733,ssipp_teacher_heuristic=lm-cut,supervised_batch_size=41,target_rollouts_per_epoch=14",[],80049502000000000000004e2e,12,[],astar,1.0,,0.9901014431530859,3.433822195828845e-05,1562590453.3452458,1562590453.345248,experiment-results/tune/perform_trial,"experiment-results/tune/perform_trial/perform_trial_16_dropout=0.1,hidden_size=12,l1_reg=0.9901,l2_reg=3.4338e-05,num_layers=1,opt_batch_per_epoch=1733,ssipp_teacher_he_2019-07-08_03-00-15zeiao5m2",80049502000000000000004e2e,3,169.229.222.160,0,1,1733,80049502000000000000004e2e,25949.0,0,0,0,0,,80049502000000000000004e2e,,lm-cut,TERMINATED,41,80049502000000000000004e2e,14,10437.651945829391,10437.651945829391,10437.651945829391,1562590453.0,0.0,,perform_trial,1.0,397eb162,,True
16,False,80049553000000000000008c0e7261792e74756e652e747269616c948c0a436865636b706f696e749493942981947d94288c0773746f72616765948c046469736b948c0576616c7565944e8c0b6c6173745f726573756c74947d9475622e,True,"['_checkpoint', 'loggers', 'sync_function', 'results', 'best_result', 'param_config', 'extra_arg']",-inf,80049502000000000000004e2e,False,0,training_iteration,0.1,10.0,0.00513730282932406,0.00022172169225765617,3.0,1813.0,h-add,47.0,33.0,0.051111111111111114,,2019-07-08_06-05-56,True,0.1,,,3459eb76471048ef83c89036d46b25ec,"17_dropout=0.1,hidden_size=10,l1_reg=0.0051373,l2_reg=0.00022172,num_layers=3,opt_batch_per_epoch=1813,ssipp_teacher_heuristic=h-add,supervised_batch_size=47,target_rollouts_per_epoch=33",[],80049502000000000000004e2e,10,[],astar,1.0,,0.00513730282932406,0.00022172169225765617,1562591156.8048918,1562591156.8048933,experiment-results/tune/perform_trial,"experiment-results/tune/perform_trial/perform_trial_17_dropout=0.1,hidden_size=10,l1_reg=0.0051373,l2_reg=0.00022172,num_layers=3,opt_batch_per_epoch=1813,ssipp_teacher_2019-07-08_03-11-53sbvh86u4",80049502000000000000004e2e,3,169.229.222.160,0,3,1813,80049502000000000000004e2e,25058.0,0,0,0,0,,80049502000000000000004e2e,,h-add,TERMINATED,47,80049502000000000000004e2e,33,10443.494262933731,10443.494262933731,10443.494262933731,1562591156.0,0.0,,perform_trial,1.0,2f1934e4,,True
17,False,80049553000000000000008c0e7261792e74756e652e747269616c948c0a436865636b706f696e749493942981947d94288c0773746f72616765948c046469736b948c0576616c7565944e8c0b6c6173745f726573756c74947d9475622e,True,"['_checkpoint', 'loggers', 'sync_function', 'results', 'best_result', 'param_config', 'extra_arg']",-inf,80049502000000000000004e2e,False,0,training_iteration,,,,,,,,,,,,,,0.0,,,,"18_dropout=0,hidden_size=8,l1_reg=0.25663,l2_reg=2.7855e-05,num_layers=3,opt_batch_per_epoch=1721,ssipp_teacher_heuristic=lm-cut,supervised_batch_size=34,target_rollouts_per_epoch=38",[],80049502000000000000004e2e,8,[],,,,0.25663164047479925,2.785503545918785e-05,0.0,-inf,experiment-results/tune/perform_trial,"experiment-results/tune/perform_trial/perform_trial_18_dropout=0,hidden_size=8,l1_reg=0.25663,l2_reg=2.7855e-05,num_layers=3,opt_batch_per_epoch=1721,ssipp_teacher_heur_2019-07-08_05-23-242zrxe38t",80049502000000000000004e2e,3,,0,3,1721,80049502000000000000004e2e,,0,0,0,0,,80049502000000000000004e2e,,lm-cut,ERROR,34,80049502000000000000004e2e,38,,,,,,,perform_trial,,cef3b448,,True
18,False,80049553000000000000008c0e7261792e74756e652e747269616c948c0a436865636b706f696e749493942981947d94288c0773746f72616765948c046469736b948c0576616c7565944e8c0b6c6173745f726573756c74947d9475622e,True,"['_checkpoint', 'loggers', 'sync_function', 'results', 'best_result', 'param_config', 'extra_arg']",-inf,80049502000000000000004e2e,False,0,training_iteration,0.0,15.0,0.2330190039183011,0.00015856474614183257,3.0,1879.0,lm-cut,46.0,11.0,0.0,,2019-07-08_08-22-03,True,0.0,,,786acc1e298c42d3848a533a0fc7710c,"19_dropout=0,hidden_size=15,l1_reg=0.23302,l2_reg=0.00015856,num_layers=3,opt_batch_per_epoch=1879,ssipp_teacher_heuristic=lm-cut,supervised_batch_size=46,target_rollouts_per_epoch=11",[],80049502000000000000004e2e,15,[],astar,1.0,,0.2330190039183011,0.00015856474614183257,1562599323.5276675,1562599323.5276713,experiment-results/tune/perform_trial,"experiment-results/tune/perform_trial/perform_trial_19_dropout=0,hidden_size=15,l1_reg=0.23302,l2_reg=0.00015856,num_layers=3,opt_batch_per_epoch=1879,ssipp_teacher_heu_2019-07-08_05-39-56zl8ea5y6",80049502000000000000004e2e,3,169.229.222.160,0,3,1879,80049502000000000000004e2e,361.0,0,0,0,0,,80049502000000000000004e2e,,lm-cut,TERMINATED,46,80049502000000000000004e2e,11,9726.622911453247,9726.622911453247,9726.622911453247,1562599323.0,0.0,,perform_trial,1.0,2e42d1c4,,True
19,False,80049553000000000000008c0e7261792e74756e652e747269616c948c0a436865636b706f696e749493942981947d94288c0773746f72616765948c046469736b948c0576616c7565944e8c0b6c6173745f726573756c74947d9475622e,True,"['_checkpoint', 'loggers', 'sync_function', 'results', 'best_result', 'param_config', 'extra_arg']",-inf,80049502000000000000004e2e,False,0,training_iteration,0.0,15.0,0.2330190039183011,0.00015856474614183257,3.0,1879.0,lm-cut,46.0,11.0,0.0,,2019-07-08_08-37-14,True,0.0,,,88dc7989b9854f9f8df75fcdae0999a7,"20_dropout=0,hidden_size=15,l1_reg=0.23302,l2_reg=0.00015856,num_layers=3,opt_batch_per_epoch=1879,ssipp_teacher_heuristic=lm-cut,supervised_batch_size=46,target_rollouts_per_epoch=11",[],80049502000000000000004e2e,15,[],astar,1.0,,0.2330190039183011,0.00015856474614183257,1562600234.8192518,1562600234.819256,experiment-results/tune/perform_trial,"experiment-results/tune/perform_trial/perform_trial_20_dropout=0,hidden_size=15,l1_reg=0.23302,l2_reg=0.00015856,num_layers=3,opt_batch_per_epoch=1879,ssipp_teacher_heu_2019-07-08_05-46-49me0wwzs6",80049502000000000000004e2e,3,169.229.222.160,0,3,1879,80049502000000000000004e2e,355.0,0,0,0,0,,80049502000000000000004e2e,,lm-cut,TERMINATED,46,80049502000000000000004e2e,11,10224.881942987442,10224.881942987442,10224.881942987442,1562600234.0,0.0,,perform_trial,1.0,7dcb1574,,True
20,False,80049553000000000000008c0e7261792e74756e652e747269616c948c0a436865636b706f696e749493942981947d94288c0773746f72616765948c046469736b948c0576616c7565944e8c0b6c6173745f726573756c74947d9475622e,True,"['_checkpoint', 'loggers', 'sync_function', 'results', 'best_result', 'param_config', 'extra_arg']",-inf,80049502000000000000004e2e,False,0,training_iteration,0.5,10.0,0.0037557320059252754,2.1819037944073402e-05,3.0,263.0,h-add,34.0,18.0,0.0,,2019-07-08_08-53-02,True,0.5,,,48b1bc3d916c4a6797150000a88a345d,"21_dropout=0.5,hidden_size=10,l1_reg=0.0037557,l2_reg=2.1819e-05,num_layers=3,opt_batch_per_epoch=263,ssipp_teacher_heuristic=h-add,supervised_batch_size=34,target_rollouts_per_epoch=18",[],80049502000000000000004e2e,10,[],astar,1.0,,0.0037557320059252754,2.1819037944073402e-05,1562601182.2390494,1562601182.2390509,experiment-results/tune/perform_trial,"experiment-results/tune/perform_trial/perform_trial_21_dropout=0.5,hidden_size=10,l1_reg=0.0037557,l2_reg=2.1819e-05,num_layers=3,opt_batch_per_epoch=263,ssipp_teacher__2019-07-08_05-54-13buj8iien",80049502000000000000004e2e,3,169.229.222.160,0,3,263,80049502000000000000004e2e,25933.0,0,0,0,0,,80049502000000000000004e2e,,h-add,TERMINATED,34,80049502000000000000004e2e,18,10728.445541143417,10728.445541143417,10728.445541143417,1562601182.0,0.0,,perform_trial,1.0,7406409e,,True
21,False,80049553000000000000008c0e7261792e74756e652e747269616c948c0a436865636b706f696e749493942981947d94288c0773746f72616765948c046469736b948c0576616c7565944e8c0b6c6173745f726573756c74947d9475622e,True,"['_checkpoint', 'loggers', 'sync_function', 'results', 'best_result', 'param_config', 'extra_arg']",-inf,80049502000000000000004e2e,False,0,training_iteration,0.0,19.0,4.403760357095892e-08,0.002331336567786357,3.0,1462.0,h-add,36.0,27.0,0.16777777777777778,,2019-07-08_09-02-09,True,0.0,,,ca4b03abd93e4fb39e921538bde047cd,"22_dropout=0,hidden_size=19,l1_reg=4.4038e-08,l2_reg=0.0023313,num_layers=3,opt_batch_per_epoch=1462,ssipp_teacher_heuristic=h-add,supervised_batch_size=36,target_rollouts_per_epoch=27",[],80049502000000000000004e2e,19,[],astar,1.0,,4.403760357095892e-08,0.002331336567786357,1562601729.6391282,1562601729.6391299,experiment-results/tune/perform_trial,"experiment-results/tune/perform_trial/perform_trial_22_dropout=0,hidden_size=19,l1_reg=4.4038e-08,l2_reg=0.0023313,num_layers=3,opt_batch_per_epoch=1462,ssipp_teacher_h_2019-07-08_06-05-57yed2pgvm",80049502000000000000004e2e,3,169.229.222.160,0,3,1462,80049502000000000000004e2e,336.0,0,0,0,0,,80049502000000000000004e2e,,h-add,TERMINATED,36,80049502000000000000004e2e,27,10572.409474849701,10572.409474849701,10572.409474849701,1562601729.0,0.0,,perform_trial,1.0,7cb9c552,,True
22,False,80049553000000000000008c0e7261792e74756e652e747269616c948c0a436865636b706f696e749493942981947d94288c0773746f72616765948c046469736b948c0576616c7565944e8c0b6c6173745f726573756c74947d9475622e,True,"['_checkpoint', 'loggers', 'sync_function', 'results', 'best_result', 'param_config', 'extra_arg']",-inf,80049502000000000000004e2e,False,0,training_iteration,0.0,16.0,0.0017809447427444398,4.790118583304553e-05,3.0,1485.0,h-add,36.0,145.0,0.23999999999999996,,2019-07-08_11-14-41,True,0.0,,,2d1f15f4a83a44b6ab14c53539eb3bbb,"23_dropout=0,hidden_size=16,l1_reg=0.0017809,l2_reg=4.7901e-05,num_layers=3,opt_batch_per_epoch=1485,ssipp_teacher_heuristic=h-add,supervised_batch_size=36,target_rollouts_per_epoch=145",[],80049502000000000000004e2e,16,[],astar,1.0,,0.0017809447427444398,4.790118583304553e-05,1562609681.2041693,1562609681.204173,experiment-results/tune/perform_trial,"experiment-results/tune/perform_trial/perform_trial_23_dropout=0,hidden_size=16,l1_reg=0.0017809,l2_reg=4.7901e-05,num_layers=3,opt_batch_per_epoch=1485,ssipp_teacher_h_2019-07-08_08-22-051dcwcyf8",80049502000000000000004e2e,3,169.229.222.160,0,3,1485,80049502000000000000004e2e,25944.0,0,0,0,0,,80049502000000000000004e2e,,h-add,TERMINATED,36,80049502000000000000004e2e,145,10355.309351682663,10355.309351682663,10355.309351682663,1562609681.0,0.0,,perform_trial,1.0,2002f098,,True
23,False,80049553000000000000008c0e7261792e74756e652e747269616c948c0a436865636b706f696e749493942981947d94288c0773746f72616765948c046469736b948c0576616c7565944e8c0b6c6173745f726573756c74947d9475622e,True,"['_checkpoint', 'loggers', 'sync_function', 'results', 'best_result', 'param_config', 'extra_arg']",-inf,80049502000000000000004e2e,False,0,training_iteration,,,,,,,,,,,,,,0.0,,,,"24_dropout=0,hidden_size=13,l1_reg=1.1877e-09,l2_reg=0.00012727,num_layers=3,opt_batch_per_epoch=1731,ssipp_teacher_heuristic=h-add,supervised_batch_size=32,target_rollouts_per_epoch=18",[],80049502000000000000004e2e,13,[],,,,1.1876510205215857e-09,0.00012726747906840048,0.0,-inf,experiment-results/tune/perform_trial,"experiment-results/tune/perform_trial/perform_trial_24_dropout=0,hidden_size=13,l1_reg=1.1877e-09,l2_reg=0.00012727,num_layers=3,opt_batch_per_epoch=1731,ssipp_teacher__2019-07-08_08-37-16ippkc9_h",80049502000000000000004e2e,3,,0,3,1731,80049502000000000000004e2e,,0,0,0,0,,80049502000000000000004e2e,,h-add,ERROR,32,80049502000000000000004e2e,18,,,,,,,perform_trial,,24b88374,,True
24,False,80049553000000000000008c0e7261792e74756e652e747269616c948c0a436865636b706f696e749493942981947d94288c0773746f72616765948c046469736b948c0576616c7565944e8c0b6c6173745f726573756c74947d9475622e,True,"['_checkpoint', 'loggers', 'sync_function', 'results', 'best_result', 'param_config', 'extra_arg']",-inf,80049502000000000000004e2e,False,0,training_iteration,0.0,13.0,1.1876510205215857e-09,0.00012726747906840048,3.0,1731.0,h-add,32.0,18.0,0.22666666666666666,,2019-07-08_11-29-45,True,0.0,,,8729ed91f0f84e47a23401142f145480,"25_dropout=0,hidden_size=13,l1_reg=1.1877e-09,l2_reg=0.00012727,num_layers=3,opt_batch_per_epoch=1731,ssipp_teacher_heuristic=h-add,supervised_batch_size=32,target_rollouts_per_epoch=18",[],80049502000000000000004e2e,13,[],astar,1.0,,1.1876510205215857e-09,0.00012726747906840048,1562610585.6505523,1562610585.6505547,experiment-results/tune/perform_trial,"experiment-results/tune/perform_trial/perform_trial_25_dropout=0,hidden_size=13,l1_reg=1.1877e-09,l2_reg=0.00012727,num_layers=3,opt_batch_per_epoch=1731,ssipp_teacher__2019-07-08_08-43-431tfj40so",80049502000000000000004e2e,3,169.229.222.160,0,3,1731,80049502000000000000004e2e,25941.0,0,0,0,0,,80049502000000000000004e2e,,h-add,TERMINATED,32,80049502000000000000004e2e,18,9961.925235271454,9961.925235271454,9961.925235271454,1562610585.0,0.0,,perform_trial,1.0,43bba128,,True
25,False,80049553000000000000008c0e7261792e74756e652e747269616c948c0a436865636b706f696e749493942981947d94288c0773746f72616765948c046469736b948c0576616c7565944e8c0b6c6173745f726573756c74947d9475622e,True,"['_checkpoint', 'loggers', 'sync_function', 'results', 'best_result', 'param_config', 'extra_arg']",-inf,80049502000000000000004e2e,False,0,training_iteration,0.0,12.0,8.915293188937029e-05,0.6378983735837873,2.0,1960.0,h-add,32.0,40.0,0.0,,2019-07-08_11-44-08,True,0.0,,,646d91bec02843668db3ce4a7ec6eeff,"26_dropout=0,hidden_size=12,l1_reg=8.9153e-05,l2_reg=0.6379,num_layers=2,opt_batch_per_epoch=1960,ssipp_teacher_heuristic=h-add,supervised_batch_size=32,target_rollouts_per_epoch=40",[],80049502000000000000004e2e,12,[],astar,1.0,,8.915293188937029e-05,0.6378983735837873,1562611448.8722959,1562611448.8722975,experiment-results/tune/perform_trial,"experiment-results/tune/perform_trial/perform_trial_26_dropout=0,hidden_size=12,l1_reg=8.9153e-05,l2_reg=0.6379,num_layers=2,opt_batch_per_epoch=1960,ssipp_teacher_heur_2019-07-08_08-53-02fratl0q1",80049502000000000000004e2e,3,169.229.222.160,0,2,1960,80049502000000000000004e2e,334.0,0,0,0,0,,80049502000000000000004e2e,,h-add,TERMINATED,32,80049502000000000000004e2e,40,10266.142203569412,10266.142203569412,10266.142203569412,1562611448.0,0.0,,perform_trial,1.0,2a54b9a8,,True
26,False,80049553000000000000008c0e7261792e74756e652e747269616c948c0a436865636b706f696e749493942981947d94288c0773746f72616765948c046469736b948c0576616c7565944e8c0b6c6173745f726573756c74947d9475622e,True,"['_checkpoint', 'loggers', 'sync_function', 'results', 'best_result', 'param_config', 'extra_arg']",-inf,80049502000000000000004e2e,False,0,training_iteration,0.0,21.0,4.123493270872575e-07,0.10348822466812327,3.0,1557.0,h-add,38.0,23.0,0.005555555555555555,,2019-07-08_11-54-47,True,0.0,,,8e2e06ad95fd40fc96d0fb8c822b7d78,"27_dropout=0,hidden_size=21,l1_reg=4.1235e-07,l2_reg=0.10349,num_layers=3,opt_batch_per_epoch=1557,ssipp_teacher_heuristic=h-add,supervised_batch_size=38,target_rollouts_per_epoch=23",[],80049502000000000000004e2e,21,[],astar,1.0,,4.123493270872575e-07,0.10348822466812327,1562612087.9350326,1562612087.9350338,experiment-results/tune/perform_trial,"experiment-results/tune/perform_trial/perform_trial_27_dropout=0,hidden_size=21,l1_reg=4.1235e-07,l2_reg=0.10349,num_layers=3,opt_batch_per_epoch=1557,ssipp_teacher_heu_2019-07-08_09-02-10w0z3_486",80049502000000000000004e2e,3,169.229.222.160,0,3,1557,80049502000000000000004e2e,25946.0,0,0,0,0,,80049502000000000000004e2e,,h-add,TERMINATED,38,80049502000000000000004e2e,23,10357.846387147903,10357.846387147903,10357.846387147903,1562612087.0,0.0,,perform_trial,1.0,77a6cf88,,True
27,False,80049553000000000000008c0e7261792e74756e652e747269616c948c0a436865636b706f696e749493942981947d94288c0773746f72616765948c046469736b948c0576616c7565944e8c0b6c6173745f726573756c74947d9475622e,True,"['_checkpoint', 'loggers', 'sync_function', 'results', 'best_result', 'param_config', 'extra_arg']",-inf,80049502000000000000004e2e,False,0,training_iteration,0.0,11.0,0.0007347445836676745,0.32871914467837693,3.0,619.0,h-add,35.0,14.0,0.0,,2019-07-08_14-11-03,True,0.0,,,6db7e57e46324c3ebdc25e5f072c0716,"28_dropout=0,hidden_size=11,l1_reg=0.00073474,l2_reg=0.32872,num_layers=3,opt_batch_per_epoch=619,ssipp_teacher_heuristic=h-add,supervised_batch_size=35,target_rollouts_per_epoch=14",[],80049502000000000000004e2e,11,[],astar,1.0,,0.0007347445836676745,0.32871914467837693,1562620263.5685532,1562620263.5685565,experiment-results/tune/perform_trial,"experiment-results/tune/perform_trial/perform_trial_28_dropout=0,hidden_size=11,l1_reg=0.00073474,l2_reg=0.32872,num_layers=3,opt_batch_per_epoch=619,ssipp_teacher_heur_2019-07-08_11-14-428thkdjhf",80049502000000000000004e2e,3,169.229.222.160,0,3,619,80049502000000000000004e2e,25052.0,0,0,0,0,,80049502000000000000004e2e,,h-add,TERMINATED,35,80049502000000000000004e2e,14,10579.378517866135,10579.378517866135,10579.378517866135,1562620263.0,0.0,,perform_trial,1.0,bded8ac6,,True
28,False,80049553000000000000008c0e7261792e74756e652e747269616c948c0a436865636b706f696e749493942981947d94288c0773746f72616765948c046469736b948c0576616c7565944e8c0b6c6173745f726573756c74947d9475622e,True,"['_checkpoint', 'loggers', 'sync_function', 'results', 'best_result', 'param_config', 'extra_arg']",-inf,80049502000000000000004e2e,False,0,training_iteration,0.0,19.0,1.7964994827825194e-06,0.18970272098222982,3.0,1373.0,h-add,38.0,24.0,0.0,,2019-07-08_14-25-38,True,0.0,,,ade6297b23a24b15bdcec1b0c78d4f71,"29_dropout=0,hidden_size=19,l1_reg=1.7965e-06,l2_reg=0.1897,num_layers=3,opt_batch_per_epoch=1373,ssipp_teacher_heuristic=h-add,supervised_batch_size=38,target_rollouts_per_epoch=24",[],80049502000000000000004e2e,19,[],astar,1.0,,1.7964994827825194e-06,0.18970272098222982,1562621138.832161,1562621138.832167,experiment-results/tune/perform_trial,"experiment-results/tune/perform_trial/perform_trial_29_dropout=0,hidden_size=19,l1_reg=1.7965e-06,l2_reg=0.1897,num_layers=3,opt_batch_per_epoch=1373,ssipp_teacher_heur_2019-07-08_11-29-47b5mk138_",80049502000000000000004e2e,3,169.229.222.160,0,3,1373,80049502000000000000004e2e,25948.0,0,0,0,0,,80049502000000000000004e2e,,h-add,TERMINATED,38,80049502000000000000004e2e,24,10551.23448729515,10551.23448729515,10551.23448729515,1562621138.0,0.0,,perform_trial,1.0,4232175e,,True
29,False,80049553000000000000008c0e7261792e74756e652e747269616c948c0a436865636b706f696e749493942981947d94288c0773746f72616765948c046469736b948c0576616c7565944e8c0b6c6173745f726573756c74947d9475622e,True,"['_checkpoint', 'loggers', 'sync_function', 'results', 'best_result', 'param_config', 'extra_arg']",-inf,80049502000000000000004e2e,False,0,training_iteration,0.0,7.0,0.0006126343987494139,7.846175696398168e-05,3.0,484.0,h-add,37.0,62.0,0.22777777777777775,,2019-07-08_14-37-12,True,0.0,,,f9923c11cee5436382d9bef726f85d21,"30_dropout=0,hidden_size=7,l1_reg=0.00061263,l2_reg=7.8462e-05,num_layers=3,opt_batch_per_epoch=484,ssipp_teacher_heuristic=h-add,supervised_batch_size=37,target_rollouts_per_epoch=62",[],80049502000000000000004e2e,7,[],astar,1.0,,0.0006126343987494139,7.846175696398168e-05,1562621832.5062394,1562621832.5062418,experiment-results/tune/perform_trial,"experiment-results/tune/perform_trial/perform_trial_30_dropout=0,hidden_size=7,l1_reg=0.00061263,l2_reg=7.8462e-05,num_layers=3,opt_batch_per_epoch=484,ssipp_teacher_he_2019-07-08_11-44-09nhfi9lbu",80049502000000000000004e2e,3,169.229.222.160,0,3,484,80049502000000000000004e2e,26695.0,0,0,0,0,,80049502000000000000004e2e,,h-add,TERMINATED,37,80049502000000000000004e2e,62,10383.107652425766,10383.107652425766,10383.107652425766,1562621832.0,0.0,,perform_trial,1.0,5d3a91fa,,True
30,False,80049553000000000000008c0e7261792e74756e652e747269616c948c0a436865636b706f696e749493942981947d94288c0773746f72616765948c046469736b948c0576616c7565944e8c0b6c6173745f726573756c74947d9475622e,True,"['_checkpoint', 'loggers', 'sync_function', 'results', 'best_result', 'param_config', 'extra_arg']",-inf,80049502000000000000004e2e,False,0,training_iteration,0.0,12.0,1.6017947973591863e-05,5.389777327221147e-05,3.0,278.0,h-add,34.0,16.0,0.1511111111111111,,2019-07-08_14-48-25,True,0.0,,,d0e6280af5194e918e3726808496076a,"31_dropout=0,hidden_size=12,l1_reg=1.6018e-05,l2_reg=5.3898e-05,num_layers=3,opt_batch_per_epoch=278,ssipp_teacher_heuristic=h-add,supervised_batch_size=34,target_rollouts_per_epoch=16",[],80049502000000000000004e2e,12,[],astar,1.0,,1.6017947973591863e-05,5.389777327221147e-05,1562622505.9141557,1562622505.9141572,experiment-results/tune/perform_trial,"experiment-results/tune/perform_trial/perform_trial_31_dropout=0,hidden_size=12,l1_reg=1.6018e-05,l2_reg=5.3898e-05,num_layers=3,opt_batch_per_epoch=278,ssipp_teacher_h_2019-07-08_11-54-48l2ul1lcf",80049502000000000000004e2e,3,169.229.222.160,0,3,278,80049502000000000000004e2e,26587.0,0,0,0,0,,80049502000000000000004e2e,,h-add,TERMINATED,34,80049502000000000000004e2e,16,10417.51363325119,10417.51363325119,10417.51363325119,1562622505.0,0.0,,perform_trial,1.0,5f0ec2d8,,True
31,False,80049553000000000000008c0e7261792e74756e652e747269616c948c0a436865636b706f696e749493942981947d94288c0773746f72616765948c046469736b948c0576616c7565944e8c0b6c6173745f726573756c74947d9475622e,True,"['_checkpoint', 'loggers', 'sync_function', 'results', 'best_result', 'param_config', 'extra_arg']",-inf,80049502000000000000004e2e,False,0,training_iteration,0.0,20.0,1.8980651897874096e-08,1.0059334685376237e-05,3.0,1364.0,lm-cut,35.0,13.0,0.10333333333333333,,2019-07-08_17-04-13,True,0.0,,,84f906a1e99c48e38daf76245136cac5,"32_dropout=0,hidden_size=20,l1_reg=1.8981e-08,l2_reg=1.0059e-05,num_layers=3,opt_batch_per_epoch=1364,ssipp_teacher_heuristic=lm-cut,supervised_batch_size=35,target_rollouts_per_epoch=13",[],80049502000000000000004e2e,20,[],astar,1.0,,1.8980651897874096e-08,1.0059334685376237e-05,1562630653.7333534,1562630653.733357,experiment-results/tune/perform_trial,"experiment-results/tune/perform_trial/perform_trial_32_dropout=0,hidden_size=20,l1_reg=1.8981e-08,l2_reg=1.0059e-05,num_layers=3,opt_batch_per_epoch=1364,ssipp_teacher__2019-07-08_14-11-05e2dhngra",80049502000000000000004e2e,3,169.229.222.160,0,3,1364,80049502000000000000004e2e,372.0,0,0,0,0,,80049502000000000000004e2e,,lm-cut,TERMINATED,35,80049502000000000000004e2e,13,10388.084822654724,10388.084822654724,10388.084822654724,1562630653.0,0.0,,perform_trial,1.0,dbf672c2,,True
32,False,80049553000000000000008c0e7261792e74756e652e747269616c948c0a436865636b706f696e749493942981947d94288c0773746f72616765948c046469736b948c0576616c7565944e8c0b6c6173745f726573756c74947d9475622e,True,"['_checkpoint', 'loggers', 'sync_function', 'results', 'best_result', 'param_config', 'extra_arg']",-inf,80049502000000000000004e2e,False,0,training_iteration,0.25,32.0,6.8584455398927215e-06,1.3345897475413187e-05,3.0,1632.0,h-add,36.0,10.0,0.0,,2019-07-08_17-19-54,True,0.25,,,2db835518e0046589c9c12deef200902,"33_dropout=0.25,hidden_size=32,l1_reg=6.8584e-06,l2_reg=1.3346e-05,num_layers=3,opt_batch_per_epoch=1632,ssipp_teacher_heuristic=h-add,supervised_batch_size=36,target_rollouts_per_epoch=10",[],80049502000000000000004e2e,32,[],astar,1.0,,6.8584455398927215e-06,1.3345897475413187e-05,1562631594.6582372,1562631594.6582406,experiment-results/tune/perform_trial,"experiment-results/tune/perform_trial/perform_trial_33_dropout=0.25,hidden_size=32,l1_reg=6.8584e-06,l2_reg=1.3346e-05,num_layers=3,opt_batch_per_epoch=1632,ssipp_teach_2019-07-08_14-25-41jgbrbxqq",80049502000000000000004e2e,3,169.229.222.160,0,3,1632,80049502000000000000004e2e,367.0,0,0,0,0,,80049502000000000000004e2e,,h-add,TERMINATED,36,80049502000000000000004e2e,10,10453.170582294464,10453.170582294464,10453.170582294464,1562631594.0,0.0,,perform_trial,1.0,e5d237a0,,True
33,False,80049553000000000000008c0e7261792e74756e652e747269616c948c0a436865636b706f696e749493942981947d94288c0773746f72616765948c046469736b948c0576616c7565944e8c0b6c6173745f726573756c74947d9475622e,True,"['_checkpoint', 'loggers', 'sync_function', 'results', 'best_result', 'param_config', 'extra_arg']",-inf,80049502000000000000004e2e,False,0,training_iteration,0.0,8.0,2.156723867273658e-06,2.0449443483361322e-05,3.0,943.0,lm-cut,34.0,25.0,0.19,,2019-07-08_17-34-13,True,0.0,,,d1d5ee8b74494629a6bbe94c724eb5ec,"34_dropout=0,hidden_size=8,l1_reg=2.1567e-06,l2_reg=2.0449e-05,num_layers=3,opt_batch_per_epoch=943,ssipp_teacher_heuristic=lm-cut,supervised_batch_size=34,target_rollouts_per_epoch=25",[],80049502000000000000004e2e,8,[],astar,1.0,,2.156723867273658e-06,2.0449443483361322e-05,1562632453.9570389,1562632453.9570403,experiment-results/tune/perform_trial,"experiment-results/tune/perform_trial/perform_trial_34_dropout=0,hidden_size=8,l1_reg=2.1567e-06,l2_reg=2.0449e-05,num_layers=3,opt_batch_per_epoch=943,ssipp_teacher_he_2019-07-08_14-37-1263khqdov",80049502000000000000004e2e,3,169.229.222.160,0,3,943,80049502000000000000004e2e,333.0,0,0,0,0,,80049502000000000000004e2e,,lm-cut,TERMINATED,34,80049502000000000000004e2e,25,10620.901359558105,10620.901359558105,10620.901359558105,1562632453.0,0.0,,perform_trial,1.0,efc95de0,,True
34,False,80049553000000000000008c0e7261792e74756e652e747269616c948c0a436865636b706f696e749493942981947d94288c0773746f72616765948c046469736b948c0576616c7565944e8c0b6c6173745f726573756c74947d9475622e,True,"['_checkpoint', 'loggers', 'sync_function', 'results', 'best_result', 'param_config', 'extra_arg']",-inf,80049502000000000000004e2e,False,0,training_iteration,0.0,4.0,0.00038517373042175904,5.552814180619157e-05,3.0,1911.0,lm-cut,36.0,58.0,0.12666666666666665,,2019-07-08_17-45-12,True,0.0,,,d3780d420f134765b34cea7775fcc87c,"35_dropout=0,hidden_size=4,l1_reg=0.00038517,l2_reg=5.5528e-05,num_layers=3,opt_batch_per_epoch=1911,ssipp_teacher_heuristic=lm-cut,supervised_batch_size=36,target_rollouts_per_epoch=58",[],80049502000000000000004e2e,4,[],astar,1.0,,0.00038517373042175904,5.552814180619157e-05,1562633112.4271226,1562633112.427124,experiment-results/tune/perform_trial,"experiment-results/tune/perform_trial/perform_trial_35_dropout=0,hidden_size=4,l1_reg=0.00038517,l2_reg=5.5528e-05,num_layers=3,opt_batch_per_epoch=1911,ssipp_teacher_h_2019-07-08_14-48-266niv2tzo",80049502000000000000004e2e,3,169.229.222.160,0,3,1911,80049502000000000000004e2e,25940.0,0,0,0,0,,80049502000000000000004e2e,,lm-cut,TERMINATED,36,80049502000000000000004e2e,58,10606.034667015076,10606.034667015076,10606.034667015076,1562633112.0,0.0,,perform_trial,1.0,8c33389e,,True
35,False,80049553000000000000008c0e7261792e74756e652e747269616c948c0a436865636b706f696e749493942981947d94288c0773746f72616765948c046469736b948c0576616c7565944e8c0b6c6173745f726573756c74947d9475622e,True,"['_checkpoint', 'loggers', 'sync_function', 'results', 'best_result', 'param_config', 'extra_arg']",-inf,80049502000000000000004e2e,False,0,training_iteration,,,,,,,,,,,,,,0.0,,,,"36_dropout=0,hidden_size=6,l1_reg=0.0016545,l2_reg=0.00040351,num_layers=3,opt_batch_per_epoch=1734,ssipp_teacher_heuristic=h-add,supervised_batch_size=37,target_rollouts_per_epoch=70",[],80049502000000000000004e2e,6,[],,,,0.0016545179425068858,0.0004035105886059946,0.0,-inf,experiment-results/tune/perform_trial,"experiment-results/tune/perform_trial/perform_trial_36_dropout=0,hidden_size=6,l1_reg=0.0016545,l2_reg=0.00040351,num_layers=3,opt_batch_per_epoch=1734,ssipp_teacher_he_2019-07-08_17-04-15v_b_5sas",80049502000000000000004e2e,3,,0,3,1734,80049502000000000000004e2e,,0,0,0,0,,80049502000000000000004e2e,,h-add,ERROR,37,80049502000000000000004e2e,70,,,,,,,perform_trial,,1d92240c,,True
36,False,80049553000000000000008c0e7261792e74756e652e747269616c948c0a436865636b706f696e749493942981947d94288c0773746f72616765948c046469736b948c0576616c7565944e8c0b6c6173745f726573756c74947d9475622e,True,"['_checkpoint', 'loggers', 'sync_function', 'results', 'best_result', 'param_config', 'extra_arg']",-inf,80049502000000000000004e2e,False,0,training_iteration,0.0,6.0,0.0021614926191564753,0.00015649073162858783,3.0,669.0,h-add,35.0,61.0,0.13666666666666666,,2019-07-08_19-58-47,True,0.0,,,a30cce49c8b8462da0f57cbf8c6143fe,"37_dropout=0,hidden_size=6,l1_reg=0.0021615,l2_reg=0.00015649,num_layers=3,opt_batch_per_epoch=669,ssipp_teacher_heuristic=h-add,supervised_batch_size=35,target_rollouts_per_epoch=61",[],80049502000000000000004e2e,6,[],astar,1.0,,0.0021614926191564753,0.00015649073162858783,1562641127.148754,1562641127.148758,experiment-results/tune/perform_trial,"experiment-results/tune/perform_trial/perform_trial_37_dropout=0,hidden_size=6,l1_reg=0.0021615,l2_reg=0.00015649,num_layers=3,opt_batch_per_epoch=669,ssipp_teacher_heu_2019-07-08_17-19-56jj2wv8hi",80049502000000000000004e2e,3,169.229.222.160,0,3,669,80049502000000000000004e2e,19854.0,0,0,0,0,,80049502000000000000004e2e,,h-add,TERMINATED,35,80049502000000000000004e2e,61,9529.459025144577,9529.459025144577,9529.459025144577,1562641127.0,0.0,,perform_trial,1.0,16edfe6a,,True
37,False,80049553000000000000008c0e7261792e74756e652e747269616c948c0a436865636b706f696e749493942981947d94288c0773746f72616765948c046469736b948c0576616c7565944e8c0b6c6173745f726573756c74947d9475622e,True,"['_checkpoint', 'loggers', 'sync_function', 'results', 'best_result', 'param_config', 'extra_arg']",-inf,80049502000000000000004e2e,False,0,training_iteration,0.0,6.0,0.0021614926191564753,0.00015649073162858783,3.0,669.0,h-add,35.0,61.0,0.21555555555555553,,2019-07-08_20-14-06,True,0.0,,,ce38585c868b443e815d54305493c8ed,"38_dropout=0,hidden_size=6,l1_reg=0.0021615,l2_reg=0.00015649,num_layers=3,opt_batch_per_epoch=669,ssipp_teacher_heuristic=h-add,supervised_batch_size=35,target_rollouts_per_epoch=61",[],80049502000000000000004e2e,6,[],astar,1.0,,0.0021614926191564753,0.00015649073162858783,1562642046.8783178,1562642046.878322,experiment-results/tune/perform_trial,"experiment-results/tune/perform_trial/perform_trial_38_dropout=0,hidden_size=6,l1_reg=0.0021615,l2_reg=0.00015649,num_layers=3,opt_batch_per_epoch=669,ssipp_teacher_heu_2019-07-08_17-25-25vppunesx",80049502000000000000004e2e,3,169.229.222.160,0,3,669,80049502000000000000004e2e,25942.0,0,0,0,0,,80049502000000000000004e2e,,h-add,TERMINATED,35,80049502000000000000004e2e,61,10120.722293376923,10120.722293376923,10120.722293376923,1562642046.0,0.0,,perform_trial,1.0,47b9e250,,True
38,False,80049553000000000000008c0e7261792e74756e652e747269616c948c0a436865636b706f696e749493942981947d94288c0773746f72616765948c046469736b948c0576616c7565944e8c0b6c6173745f726573756c74947d9475622e,True,"['_checkpoint', 'loggers', 'sync_function', 'results', 'best_result', 'param_config', 'extra_arg']",-inf,80049502000000000000004e2e,False,0,training_iteration,0.0,10.0,0.02231881419384041,9.177567989860212e-05,2.0,526.0,lm-cut,36.0,54.0,0.0,,2019-07-08_20-28-07,True,0.0,,,f4aaa5fdaffa47009bb3efd98588ed1e,"39_dropout=0,hidden_size=10,l1_reg=0.022319,l2_reg=9.1776e-05,num_layers=2,opt_batch_per_epoch=526,ssipp_teacher_heuristic=lm-cut,supervised_batch_size=36,target_rollouts_per_epoch=54",[],80049502000000000000004e2e,10,[],astar,1.0,,0.02231881419384041,9.177567989860212e-05,1562642887.569694,1562642887.5696962,experiment-results/tune/perform_trial,"experiment-results/tune/perform_trial/perform_trial_39_dropout=0,hidden_size=10,l1_reg=0.022319,l2_reg=9.1776e-05,num_layers=2,opt_batch_per_epoch=526,ssipp_teacher_heu_2019-07-08_17-34-14t1ir6r57",80049502000000000000004e2e,3,169.229.222.160,0,2,526,80049502000000000000004e2e,356.0,0,0,0,0,,80049502000000000000004e2e,,lm-cut,TERMINATED,36,80049502000000000000004e2e,54,10433.031472682953,10433.031472682953,10433.031472682953,1562642887.0,0.0,,perform_trial,1.0,0c09fc12,,True
39,False,80049553000000000000008c0e7261792e74756e652e747269616c948c0a436865636b706f696e749493942981947d94288c0773746f72616765948c046469736b948c0576616c7565944e8c0b6c6173745f726573756c74947d9475622e,True,"['_checkpoint', 'loggers', 'sync_function', 'results', 'best_result', 'param_config', 'extra_arg']",-inf,80049502000000000000004e2e,False,0,training_iteration,0.0,12.0,0.015107588394905423,5.8164613578748364e-05,2.0,859.0,h-add,37.0,142.0,0.0,,2019-07-08_20-38-42,True,0.0,,,65413b78e7284f92a5800e95d3f01faa,"40_dropout=0,hidden_size=12,l1_reg=0.015108,l2_reg=5.8165e-05,num_layers=2,opt_batch_per_epoch=859,ssipp_teacher_heuristic=h-add,supervised_batch_size=37,target_rollouts_per_epoch=142",[],80049502000000000000004e2e,12,[],astar,1.0,,0.015107588394905423,5.8164613578748364e-05,1562643522.8969338,1562643522.896935,experiment-results/tune/perform_trial,"experiment-results/tune/perform_trial/perform_trial_40_dropout=0,hidden_size=12,l1_reg=0.015108,l2_reg=5.8165e-05,num_layers=2,opt_batch_per_epoch=859,ssipp_teacher_heu_2019-07-08_17-45-12eno8qv7n",80049502000000000000004e2e,3,169.229.222.160,0,2,859,80049502000000000000004e2e,19853.0,0,0,0,0,,80049502000000000000004e2e,,h-add,TERMINATED,37,80049502000000000000004e2e,142,10409.9683406353,10409.9683406353,10409.9683406353,1562643522.0,0.0,,perform_trial,1.0,471d8d86,,True
40,False,80049553000000000000008c0e7261792e74756e652e747269616c948c0a436865636b706f696e749493942981947d94288c0773746f72616765948c046469736b948c0576616c7565944e8c0b6c6173745f726573756c74947d9475622e,True,"['_checkpoint', 'loggers', 'sync_function', 'results', 'best_result', 'param_config', 'extra_arg']",-inf,80049502000000000000004e2e,False,0,training_iteration,,,,,,,,,,,,,,0.0,,,,"41_dropout=0,hidden_size=13,l1_reg=0.0023949,l2_reg=3.8002e-05,num_layers=2,opt_batch_per_epoch=1617,ssipp_teacher_heuristic=h-add,supervised_batch_size=54,target_rollouts_per_epoch=131",[],80049502000000000000004e2e,13,[],,,,0.0023948831769185146,3.800223109099955e-05,0.0,-inf,experiment-results/tune/perform_trial,"experiment-results/tune/perform_trial/perform_trial_41_dropout=0,hidden_size=13,l1_reg=0.0023949,l2_reg=3.8002e-05,num_layers=2,opt_batch_per_epoch=1617,ssipp_teacher_h_2019-07-08_19-58-49pfcunjiv",80049502000000000000004e2e,3,,0,2,1617,80049502000000000000004e2e,,0,0,0,0,,80049502000000000000004e2e,,h-add,ERROR,54,80049502000000000000004e2e,131,,,,,,,perform_trial,,cf8e63a6,,True
41,False,80049553000000000000008c0e7261792e74756e652e747269616c948c0a436865636b706f696e749493942981947d94288c0773746f72616765948c046469736b948c0576616c7565944e8c0b6c6173745f726573756c74947d9475622e,True,"['_checkpoint', 'loggers', 'sync_function', 'results', 'best_result', 'param_config', 'extra_arg']",-inf,80049502000000000000004e2e,False,0,training_iteration,0.0,12.0,0.0008906329108189197,0.00011576222972213862,3.0,1622.0,h-add,114.0,100.0,0.15333333333333332,,2019-07-08_22-50-37,True,0.0,,,b3593bdc59464a39848c7b3f40c32f23,"42_dropout=0,hidden_size=12,l1_reg=0.00089063,l2_reg=0.00011576,num_layers=3,opt_batch_per_epoch=1622,ssipp_teacher_heuristic=h-add,supervised_batch_size=114,target_rollouts_per_epoch=100",[],80049502000000000000004e2e,12,[],astar,1.0,,0.0008906329108189197,0.00011576222972213862,1562651437.1376302,1562651437.137633,experiment-results/tune/perform_trial,"experiment-results/tune/perform_trial/perform_trial_42_dropout=0,hidden_size=12,l1_reg=0.00089063,l2_reg=0.00011576,num_layers=3,opt_batch_per_epoch=1622,ssipp_teacher__2019-07-08_20-14-08nd8ge91o",80049502000000000000004e2e,3,169.229.222.160,0,3,1622,80049502000000000000004e2e,25030.0,0,0,0,0,,80049502000000000000004e2e,,h-add,TERMINATED,114,80049502000000000000004e2e,100,9387.823667049408,9387.823667049408,9387.823667049408,1562651437.0,0.0,,perform_trial,1.0,799a2792,,True
42,False,80049553000000000000008c0e7261792e74756e652e747269616c948c0a436865636b706f696e749493942981947d94288c0773746f72616765948c046469736b948c0576616c7565944e8c0b6c6173745f726573756c74947d9475622e,True,"['_checkpoint', 'loggers', 'sync_function', 'results', 'best_result', 'param_config', 'extra_arg']",-inf,80049502000000000000004e2e,False,0,training_iteration,,,,,,,,,,,,,,0.0,,,,"43_dropout=0,hidden_size=12,l1_reg=0.00089063,l2_reg=0.00011576,num_layers=3,opt_batch_per_epoch=1622,ssipp_teacher_heuristic=h-add,supervised_batch_size=114,target_rollouts_per_epoch=100",[],80049502000000000000004e2e,12,[],,,,0.0008906329108189197,0.00011576222972213862,0.0,-inf,experiment-results/tune/perform_trial,"experiment-results/tune/perform_trial/perform_trial_43_dropout=0,hidden_size=12,l1_reg=0.00089063,l2_reg=0.00011576,num_layers=3,opt_batch_per_epoch=1622,ssipp_teacher__2019-07-08_20-19-230tgxrbhg",80049502000000000000004e2e,3,,0,3,1622,80049502000000000000004e2e,,0,0,0,0,,80049502000000000000004e2e,,h-add,ERROR,114,80049502000000000000004e2e,100,,,,,,,perform_trial,,9de2dd68,,True
43,False,80049553000000000000008c0e7261792e74756e652e747269616c948c0a436865636b706f696e749493942981947d94288c0773746f72616765948c046469736b948c0576616c7565944e8c0b6c6173745f726573756c74947d9475622e,True,"['_checkpoint', 'loggers', 'sync_function', 'results', 'best_result', 'param_config', 'extra_arg']",-inf,80049502000000000000004e2e,False,0,training_iteration,,,,,,,,,,,,,,0.0,,,,"44_dropout=0,hidden_size=12,l1_reg=0.00089063,l2_reg=0.00011576,num_layers=3,opt_batch_per_epoch=1622,ssipp_teacher_heuristic=h-add,supervised_batch_size=114,target_rollouts_per_epoch=100",[],80049502000000000000004e2e,12,[],,,,0.0008906329108189197,0.00011576222972213862,0.0,-inf,experiment-results/tune/perform_trial,"experiment-results/tune/perform_trial/perform_trial_44_dropout=0,hidden_size=12,l1_reg=0.00089063,l2_reg=0.00011576,num_layers=3,opt_batch_per_epoch=1622,ssipp_teacher__2019-07-08_20-20-01yxhnzquh",80049502000000000000004e2e,3,,0,3,1622,80049502000000000000004e2e,,0,0,0,0,,80049502000000000000004e2e,,h-add,ERROR,114,80049502000000000000004e2e,100,,,,,,,perform_trial,,59325300,,True
44,False,80049553000000000000008c0e7261792e74756e652e747269616c948c0a436865636b706f696e749493942981947d94288c0773746f72616765948c046469736b948c0576616c7565944e8c0b6c6173745f726573756c74947d9475622e,True,"['_checkpoint', 'loggers', 'sync_function', 'results', 'best_result', 'param_config', 'extra_arg']",-inf,80049502000000000000004e2e,False,0,training_iteration,,,,,,,,,,,,,,0.0,,,,"45_dropout=0,hidden_size=12,l1_reg=0.00089063,l2_reg=0.00011576,num_layers=3,opt_batch_per_epoch=1622,ssipp_teacher_heuristic=h-add,supervised_batch_size=114,target_rollouts_per_epoch=100",[],80049502000000000000004e2e,12,[],,,,0.0008906329108189197,0.00011576222972213862,0.0,-inf,experiment-results/tune/perform_trial,"experiment-results/tune/perform_trial/perform_trial_45_dropout=0,hidden_size=12,l1_reg=0.00089063,l2_reg=0.00011576,num_layers=3,opt_batch_per_epoch=1622,ssipp_teacher__2019-07-08_20-20-07zhqm_r08",80049502000000000000004e2e,3,,0,3,1622,80049502000000000000004e2e,,0,0,0,0,,80049502000000000000004e2e,,h-add,ERROR,114,80049502000000000000004e2e,100,,,,,,,perform_trial,,702df9e2,,True
45,False,80049553000000000000008c0e7261792e74756e652e747269616c948c0a436865636b706f696e749493942981947d94288c0773746f72616765948c046469736b948c0576616c7565944e8c0b6c6173745f726573756c74947d9475622e,True,"['_checkpoint', 'loggers', 'sync_function', 'results', 'best_result', 'param_config', 'extra_arg']",-inf,80049502000000000000004e2e,False,0,training_iteration,,,,,,,,,,,,,,0.0,,,,"46_dropout=0,hidden_size=12,l1_reg=0.00089063,l2_reg=0.00011576,num_layers=3,opt_batch_per_epoch=1622,ssipp_teacher_heuristic=h-add,supervised_batch_size=114,target_rollouts_per_epoch=100",[],80049502000000000000004e2e,12,[],,,,0.0008906329108189197,0.00011576222972213862,0.0,-inf,experiment-results/tune/perform_trial,"experiment-results/tune/perform_trial/perform_trial_46_dropout=0,hidden_size=12,l1_reg=0.00089063,l2_reg=0.00011576,num_layers=3,opt_batch_per_epoch=1622,ssipp_teacher__2019-07-08_20-20-12rec9vuyp",80049502000000000000004e2e,3,,0,3,1622,80049502000000000000004e2e,,0,0,0,0,,80049502000000000000004e2e,,h-add,ERROR,114,80049502000000000000004e2e,100,,,,,,,perform_trial,,735fd626,,True
46,False,80049553000000000000008c0e7261792e74756e652e747269616c948c0a436865636b706f696e749493942981947d94288c0773746f72616765948c046469736b948c0576616c7565944e8c0b6c6173745f726573756c74947d9475622e,True,"['_checkpoint', 'loggers', 'sync_function', 'results', 'best_result', 'param_config', 'extra_arg']",-inf,80049502000000000000004e2e,False,0,training_iteration,,,,,,,,,,,,,,0.0,,,,"47_dropout=0,hidden_size=12,l1_reg=0.00089063,l2_reg=0.00011576,num_layers=3,opt_batch_per_epoch=1622,ssipp_teacher_heuristic=h-add,supervised_batch_size=114,target_rollouts_per_epoch=100",[],80049502000000000000004e2e,12,[],,,,0.0008906329108189197,0.00011576222972213862,0.0,-inf,experiment-results/tune/perform_trial,"experiment-results/tune/perform_trial/perform_trial_47_dropout=0,hidden_size=12,l1_reg=0.00089063,l2_reg=0.00011576,num_layers=3,opt_batch_per_epoch=1622,ssipp_teacher__2019-07-08_20-20-18zk55oyt6",80049502000000000000004e2e,3,,0,3,1622,80049502000000000000004e2e,,0,0,0,0,,80049502000000000000004e2e,,h-add,ERROR,114,80049502000000000000004e2e,100,,,,,,,perform_trial,,767c9e5c,,True
47,False,80049553000000000000008c0e7261792e74756e652e747269616c948c0a436865636b706f696e749493942981947d94288c0773746f72616765948c046469736b948c0576616c7565944e8c0b6c6173745f726573756c74947d9475622e,True,"['_checkpoint', 'loggers', 'sync_function', 'results', 'best_result', 'param_config', 'extra_arg']",-inf,80049502000000000000004e2e,False,0,training_iteration,0.0,12.0,0.0008906329108189197,0.00011576222972213862,3.0,1622.0,h-add,114.0,100.0,0.2344444444444444,,2019-07-08_23-04-46,True,0.0,,,b4fb140f39f24def9dec711f6498e29f,"48_dropout=0,hidden_size=12,l1_reg=0.00089063,l2_reg=0.00011576,num_layers=3,opt_batch_per_epoch=1622,ssipp_teacher_heuristic=h-add,supervised_batch_size=114,target_rollouts_per_epoch=100",[],80049502000000000000004e2e,12,[],astar,1.0,,0.0008906329108189197,0.00011576222972213862,1562652286.4256027,1562652286.4256065,experiment-results/tune/perform_trial,"experiment-results/tune/perform_trial/perform_trial_48_dropout=0,hidden_size=12,l1_reg=0.00089063,l2_reg=0.00011576,num_layers=3,opt_batch_per_epoch=1622,ssipp_teacher__2019-07-08_20-20-26q3lt52rm",80049502000000000000004e2e,3,169.229.222.160,0,3,1622,80049502000000000000004e2e,19841.0,0,0,0,0,,80049502000000000000004e2e,,h-add,TERMINATED,114,80049502000000000000004e2e,100,9858.818280696869,9858.818280696869,9858.818280696869,1562652286.0,0.0,,perform_trial,1.0,7a64f15e,,True
48,False,80049553000000000000008c0e7261792e74756e652e747269616c948c0a436865636b706f696e749493942981947d94288c0773746f72616765948c046469736b948c0576616c7565944e8c0b6c6173745f726573756c74947d9475622e,True,"['_checkpoint', 'loggers', 'sync_function', 'results', 'best_result', 'param_config', 'extra_arg']",-inf,80049502000000000000004e2e,False,0,training_iteration,0.0,13.0,6.7974594889085565e-06,1.1890861378428512e-05,1.0,1506.0,h-add,36.0,77.0,0.060000000000000005,,2019-07-08_23-19-00,True,0.0,,,0d4787d3390c4fd58820cdcd5ef34543,"49_dropout=0,hidden_size=13,l1_reg=6.7975e-06,l2_reg=1.1891e-05,num_layers=1,opt_batch_per_epoch=1506,ssipp_teacher_heuristic=h-add,supervised_batch_size=36,target_rollouts_per_epoch=77",[],80049502000000000000004e2e,13,[],astar,1.0,,6.7974594889085565e-06,1.1890861378428512e-05,1562653140.3947935,1562653140.394795,experiment-results/tune/perform_trial,"experiment-results/tune/perform_trial/perform_trial_49_dropout=0,hidden_size=13,l1_reg=6.7975e-06,l2_reg=1.1891e-05,num_layers=1,opt_batch_per_epoch=1506,ssipp_teacher__2019-07-08_20-28-0806rx99x6",80049502000000000000004e2e,3,169.229.222.160,0,1,1506,80049502000000000000004e2e,25950.0,0,0,0,0,,80049502000000000000004e2e,,h-add,TERMINATED,36,80049502000000000000004e2e,77,10252.211802959442,10252.211802959442,10252.211802959442,1562653140.0,0.0,,perform_trial,1.0,7f2d5848,,True
49,False,80049553000000000000008c0e7261792e74756e652e747269616c948c0a436865636b706f696e749493942981947d94288c0773746f72616765948c046469736b948c0576616c7565944e8c0b6c6173745f726573756c74947d9475622e,True,"['_checkpoint', 'loggers', 'sync_function', 'results', 'best_result', 'param_config', 'extra_arg']",-inf,80049502000000000000004e2e,False,0,training_iteration,0.0,11.0,0.0024393182343954564,0.0001356333804311008,3.0,1256.0,h-add,53.0,130.0,0.13777777777777775,,2019-07-08_23-31-05,True,0.0,,,e7da8f05f88845ebaa69411846fad72c,"50_dropout=0,hidden_size=11,l1_reg=0.0024393,l2_reg=0.00013563,num_layers=3,opt_batch_per_epoch=1256,ssipp_teacher_heuristic=h-add,supervised_batch_size=53,target_rollouts_per_epoch=130",[],80049502000000000000004e2e,11,[],astar,1.0,,0.0024393182343954564,0.0001356333804311008,1562653865.5927088,1562653865.5927098,experiment-results/tune/perform_trial,"experiment-results/tune/perform_trial/perform_trial_50_dropout=0,hidden_size=11,l1_reg=0.0024393,l2_reg=0.00013563,num_layers=3,opt_batch_per_epoch=1256,ssipp_teacher_h_2019-07-08_20-38-4325_bgxg8",80049502000000000000004e2e,3,169.229.222.160,0,3,1256,80049502000000000000004e2e,19850.0,0,0,0,0,,80049502000000000000004e2e,,h-add,TERMINATED,53,80049502000000000000004e2e,130,10342.187625646591,10342.187625646591,10342.187625646591,1562653865.0,0.0,,perform_trial,1.0,92057c92,,True
50,False,80049553000000000000008c0e7261792e74756e652e747269616c948c0a436865636b706f696e749493942981947d94288c0773746f72616765948c046469736b948c0576616c7565944e8c0b6c6173745f726573756c74947d9475622e,True,"['_checkpoint', 'loggers', 'sync_function', 'results', 'best_result', 'param_config', 'extra_arg']",-inf,80049502000000000000004e2e,False,0,training_iteration,,,,,,,,,,,,,,0.0,,,,"51_dropout=0,hidden_size=13,l1_reg=0.0026698,l2_reg=0.0001801,num_layers=3,opt_batch_per_epoch=463,ssipp_teacher_heuristic=h-add,supervised_batch_size=52,target_rollouts_per_epoch=93",[],80049502000000000000004e2e,13,[],,,,0.002669838131868716,0.00018009802922242083,0.0,-inf,experiment-results/tune/perform_trial,"experiment-results/tune/perform_trial/perform_trial_51_dropout=0,hidden_size=13,l1_reg=0.0026698,l2_reg=0.0001801,num_layers=3,opt_batch_per_epoch=463,ssipp_teacher_heu_2019-07-08_22-50-388xmx004c",80049502000000000000004e2e,3,,0,3,463,80049502000000000000004e2e,,0,0,0,0,,80049502000000000000004e2e,,h-add,ERROR,52,80049502000000000000004e2e,93,,,,,,,perform_trial,,0caf9c88,,True
51,False,80049553000000000000008c0e7261792e74756e652e747269616c948c0a436865636b706f696e749493942981947d94288c0773746f72616765948c046469736b948c0576616c7565944e8c0b6c6173745f726573756c74947d9475622e,True,"['_checkpoint', 'loggers', 'sync_function', 'results', 'best_result', 'param_config', 'extra_arg']",-inf,80049502000000000000004e2e,False,0,training_iteration,,,,,,,,,,,,,,0.0,,,,"52_dropout=0,hidden_size=24,l1_reg=0.0015026,l2_reg=9.8561e-05,num_layers=3,opt_batch_per_epoch=1412,ssipp_teacher_heuristic=h-add,supervised_batch_size=60,target_rollouts_per_epoch=102",[],80049502000000000000004e2e,24,[],,,,0.0015026376108916552,9.856123052786891e-05,0.0,-inf,experiment-results/tune/perform_trial,"experiment-results/tune/perform_trial/perform_trial_52_dropout=0,hidden_size=24,l1_reg=0.0015026,l2_reg=9.8561e-05,num_layers=3,opt_batch_per_epoch=1412,ssipp_teacher_h_2019-07-08_23-04-489b_fccx8",80049502000000000000004e2e,3,,0,3,1412,80049502000000000000004e2e,,0,0,0,0,,80049502000000000000004e2e,,h-add,ERROR,60,80049502000000000000004e2e,102,,,,,,,perform_trial,,7ac1d0bc,,True
52,False,80049553000000000000008c0e7261792e74756e652e747269616c948c0a436865636b706f696e749493942981947d94288c0773746f72616765948c046469736b948c0576616c7565944e8c0b6c6173745f726573756c74947d9475622e,True,"['_checkpoint', 'loggers', 'sync_function', 'results', 'best_result', 'param_config', 'extra_arg']",-inf,80049502000000000000004e2e,False,0,training_iteration,0.0,24.0,0.0015026376108916552,9.856123052786891e-05,3.0,1412.0,h-add,60.0,102.0,0.15333333333333335,,2019-07-09_01-44-17,True,0.0,,,c04ff4d4dfd448e485dc4536da97a7d2,"53_dropout=0,hidden_size=24,l1_reg=0.0015026,l2_reg=9.8561e-05,num_layers=3,opt_batch_per_epoch=1412,ssipp_teacher_heuristic=h-add,supervised_batch_size=60,target_rollouts_per_epoch=102",[],80049502000000000000004e2e,24,[],astar,1.0,,0.0015026376108916552,9.856123052786891e-05,1562661857.8194404,1562661857.8194437,experiment-results/tune/perform_trial,"experiment-results/tune/perform_trial/perform_trial_53_dropout=0,hidden_size=24,l1_reg=0.0015026,l2_reg=9.8561e-05,num_layers=3,opt_batch_per_epoch=1412,ssipp_teacher_h_2019-07-08_23-11-545dw3tj0_",80049502000000000000004e2e,3,169.229.222.160,0,3,1412,80049502000000000000004e2e,18901.0,0,0,0,0,,80049502000000000000004e2e,,h-add,TERMINATED,60,80049502000000000000004e2e,102,9142.383068799973,9142.383068799973,9142.383068799973,1562661857.0,0.0,,perform_trial,1.0,75243134,,True
53,False,80049553000000000000008c0e7261792e74756e652e747269616c948c0a436865636b706f696e749493942981947d94288c0773746f72616765948c046469736b948c0576616c7565944e8c0b6c6173745f726573756c74947d9475622e,True,"['_checkpoint', 'loggers', 'sync_function', 'results', 'best_result', 'param_config', 'extra_arg']",-inf,80049502000000000000004e2e,False,0,training_iteration,0.0,24.0,0.0015026376108916552,9.856123052786891e-05,3.0,1412.0,h-add,60.0,102.0,0.25222222222222224,,2019-07-09_01-58-47,True,0.0,,,88a5d101063b41468040882f2f54e472,"54_dropout=0,hidden_size=24,l1_reg=0.0015026,l2_reg=9.8561e-05,num_layers=3,opt_batch_per_epoch=1412,ssipp_teacher_heuristic=h-add,supervised_batch_size=60,target_rollouts_per_epoch=102",[],80049502000000000000004e2e,24,[],astar,1.0,,0.0015026376108916552,9.856123052786891e-05,1562662727.1278393,1562662727.127843,experiment-results/tune/perform_trial,"experiment-results/tune/perform_trial/perform_trial_54_dropout=0,hidden_size=24,l1_reg=0.0015026,l2_reg=9.8561e-05,num_layers=3,opt_batch_per_epoch=1412,ssipp_teacher_h_2019-07-08_23-11-59fimu41_s",80049502000000000000004e2e,3,169.229.222.160,0,3,1412,80049502000000000000004e2e,18928.0,0,0,0,0,,80049502000000000000004e2e,,h-add,TERMINATED,60,80049502000000000000004e2e,102,10005.956170797348,10005.956170797348,10005.956170797348,1562662727.0,0.0,,perform_trial,1.0,72e759ae,,True
54,False,80049553000000000000008c0e7261792e74756e652e747269616c948c0a436865636b706f696e749493942981947d94288c0773746f72616765948c046469736b948c0576616c7565944e8c0b6c6173745f726573756c74947d9475622e,True,"['_checkpoint', 'loggers', 'sync_function', 'results', 'best_result', 'param_config', 'extra_arg']",-inf,80049502000000000000004e2e,False,0,training_iteration,0.0,14.0,0.002055429878022617,2.8963079650419094e-05,3.0,1270.0,h-add,40.0,93.0,0.15333333333333335,,2019-07-09_02-12-07,True,0.0,,,b4d87ffdcf1f4d40b02638d148be2829,"55_dropout=0,hidden_size=14,l1_reg=0.0020554,l2_reg=2.8963e-05,num_layers=3,opt_batch_per_epoch=1270,ssipp_teacher_heuristic=h-add,supervised_batch_size=40,target_rollouts_per_epoch=93",[],80049502000000000000004e2e,14,[],astar,1.0,,0.002055429878022617,2.8963079650419094e-05,1562663527.299916,1562663527.299918,experiment-results/tune/perform_trial,"experiment-results/tune/perform_trial/perform_trial_55_dropout=0,hidden_size=14,l1_reg=0.0020554,l2_reg=2.8963e-05,num_layers=3,opt_batch_per_epoch=1270,ssipp_teacher_h_2019-07-08_23-19-00wx4jab5u",80049502000000000000004e2e,3,169.229.222.160,0,3,1270,80049502000000000000004e2e,25057.0,0,0,0,0,,80049502000000000000004e2e,,h-add,TERMINATED,40,80049502000000000000004e2e,93,10386.329006433487,10386.329006433487,10386.329006433487,1562663527.0,0.0,,perform_trial,1.0,761f8f38,,True
55,False,80049553000000000000008c0e7261792e74756e652e747269616c948c0a436865636b706f696e749493942981947d94288c0773746f72616765948c046469736b948c0576616c7565944e8c0b6c6173745f726573756c74947d9475622e,True,"['_checkpoint', 'loggers', 'sync_function', 'results', 'best_result', 'param_config', 'extra_arg']",-inf,80049502000000000000004e2e,False,0,training_iteration,0.25,27.0,0.001594577121462437,5.773676973490998e-05,3.0,230.0,h-add,34.0,65.0,0.16000000000000003,,2019-07-09_02-20-27,True,0.25,,,d859330500794ad4ad31eb7f684d2f50,"56_dropout=0.25,hidden_size=27,l1_reg=0.0015946,l2_reg=5.7737e-05,num_layers=3,opt_batch_per_epoch=230,ssipp_teacher_heuristic=h-add,supervised_batch_size=34,target_rollouts_per_epoch=65",[],80049502000000000000004e2e,27,[],astar,1.0,,0.001594577121462437,5.773676973490998e-05,1562664027.775087,1562664027.7750888,experiment-results/tune/perform_trial,"experiment-results/tune/perform_trial/perform_trial_56_dropout=0.25,hidden_size=27,l1_reg=0.0015946,l2_reg=5.7737e-05,num_layers=3,opt_batch_per_epoch=230,ssipp_teacher_2019-07-08_23-31-06cw6658hg",80049502000000000000004e2e,3,169.229.222.160,0,3,230,80049502000000000000004e2e,25953.0,0,0,0,0,,80049502000000000000004e2e,,h-add,TERMINATED,34,80049502000000000000004e2e,65,10161.658569812775,10161.658569812775,10161.658569812775,1562664027.0,0.0,,perform_trial,1.0,712f4026,,True
56,False,80049553000000000000008c0e7261792e74756e652e747269616c948c0a436865636b706f696e749493942981947d94288c0773746f72616765948c046469736b948c0576616c7565944e8c0b6c6173745f726573756c74947d9475622e,True,"['_checkpoint', 'loggers', 'sync_function', 'results', 'best_result', 'param_config', 'extra_arg']",-inf,80049502000000000000004e2e,False,0,training_iteration,0.5,26.0,0.000829215415711967,5.438263616451701e-05,3.0,1746.0,h-add,40.0,79.0,0.14555555555555555,,2019-07-09_04-38-46,True,0.5,,,0456a606103248908648fbb0f5e51151,"57_dropout=0.5,hidden_size=26,l1_reg=0.00082922,l2_reg=5.4383e-05,num_layers=3,opt_batch_per_epoch=1746,ssipp_teacher_heuristic=h-add,supervised_batch_size=40,target_rollouts_per_epoch=79",[],80049502000000000000004e2e,26,[],astar,1.0,,0.000829215415711967,5.438263616451701e-05,1562672326.3952293,1562672326.3952336,experiment-results/tune/perform_trial,"experiment-results/tune/perform_trial/perform_trial_57_dropout=0.5,hidden_size=26,l1_reg=0.00082922,l2_reg=5.4383e-05,num_layers=3,opt_batch_per_epoch=1746,ssipp_teache_2019-07-09_01-44-19l1os1mae",80049502000000000000004e2e,3,169.229.222.160,0,3,1746,80049502000000000000004e2e,25952.0,0,0,0,0,,80049502000000000000004e2e,,h-add,TERMINATED,40,80049502000000000000004e2e,79,10466.258131980896,10466.258131980896,10466.258131980896,1562672326.0,0.0,,perform_trial,1.0,216af330,,True
57,False,80049553000000000000008c0e7261792e74756e652e747269616c948c0a436865636b706f696e749493942981947d94288c0773746f72616765948c046469736b948c0576616c7565944e8c0b6c6173745f726573756c74947d9475622e,True,"['_checkpoint', 'loggers', 'sync_function', 'results', 'best_result', 'param_config', 'extra_arg']",-inf,80049502000000000000004e2e,False,0,training_iteration,0.1,30.0,0.0030082574486333933,9.982850083443372e-05,3.0,1139.0,lm-cut,44.0,75.0,0.10222222222222221,,2019-07-09_04-54-21,True,0.1,,,769deb332cf04f7db61ebb96fc007f0a,"58_dropout=0.1,hidden_size=30,l1_reg=0.0030083,l2_reg=9.9829e-05,num_layers=3,opt_batch_per_epoch=1139,ssipp_teacher_heuristic=lm-cut,supervised_batch_size=44,target_rollouts_per_epoch=75",[],80049502000000000000004e2e,30,[],astar,1.0,,0.0030082574486333933,9.982850083443372e-05,1562673261.5999463,1562673261.5999503,experiment-results/tune/perform_trial,"experiment-results/tune/perform_trial/perform_trial_58_dropout=0.1,hidden_size=30,l1_reg=0.0030083,l2_reg=9.9829e-05,num_layers=3,opt_batch_per_epoch=1139,ssipp_teacher_2019-07-09_01-58-4918owialb",80049502000000000000004e2e,3,169.229.222.160,0,3,1139,80049502000000000000004e2e,18916.0,0,0,0,0,,80049502000000000000004e2e,,lm-cut,TERMINATED,44,80049502000000000000004e2e,75,10531.124112129211,10531.124112129211,10531.124112129211,1562673261.0,0.0,,perform_trial,1.0,be124532,,True
58,False,80049553000000000000008c0e7261792e74756e652e747269616c948c0a436865636b706f696e749493942981947d94288c0773746f72616765948c046469736b948c0576616c7565944e8c0b6c6173745f726573756c74947d9475622e,True,"['_checkpoint', 'loggers', 'sync_function', 'results', 'best_result', 'param_config', 'extra_arg']",-inf,80049502000000000000004e2e,False,0,training_iteration,0.0,22.0,0.0014702708517841502,3.7930215247665426e-05,3.0,1451.0,h-add,35.0,83.0,0.1733333333333333,,2019-07-09_05-08-34,True,0.0,,,7b7f310bc2c145509cb54e6f4dcbadcc,"59_dropout=0,hidden_size=22,l1_reg=0.0014703,l2_reg=3.793e-05,num_layers=3,opt_batch_per_epoch=1451,ssipp_teacher_heuristic=h-add,supervised_batch_size=35,target_rollouts_per_epoch=83",[],80049502000000000000004e2e,22,[],astar,1.0,,0.0014702708517841502,3.7930215247665426e-05,1562674114.732527,1562674114.732529,experiment-results/tune/perform_trial,"experiment-results/tune/perform_trial/perform_trial_59_dropout=0,hidden_size=22,l1_reg=0.0014703,l2_reg=3.793e-05,num_layers=3,opt_batch_per_epoch=1451,ssipp_teacher_he_2019-07-09_02-12-0792yl034y",80049502000000000000004e2e,3,169.229.222.160,0,3,1451,80049502000000000000004e2e,25039.0,0,0,0,0,,80049502000000000000004e2e,,h-add,TERMINATED,35,80049502000000000000004e2e,83,10586.583185911179,10586.583185911179,10586.583185911179,1562674114.0,0.0,,perform_trial,1.0,c448dc98,,True
59,False,80049553000000000000008c0e7261792e74756e652e747269616c948c0a436865636b706f696e749493942981947d94288c0773746f72616765948c046469736b948c0576616c7565944e8c0b6c6173745f726573756c74947d9475622e,True,"['_checkpoint', 'loggers', 'sync_function', 'results', 'best_result', 'param_config', 'extra_arg']",-inf,80049502000000000000004e2e,False,0,training_iteration,0.5,8.0,0.0010305090299833918,6.112474965174132e-05,3.0,1521.0,h-add,128.0,111.0,0.08222222222222222,,2019-07-09_05-15-27,True,0.5,,,1813e9fa64c043b6a0ebb3c567431f0a,"60_dropout=0.5,hidden_size=8,l1_reg=0.0010305,l2_reg=6.1125e-05,num_layers=3,opt_batch_per_epoch=1521,ssipp_teacher_heuristic=h-add,supervised_batch_size=128,target_rollouts_per_epoch=111",[],80049502000000000000004e2e,8,[],astar,1.0,,0.0010305090299833918,6.112474965174132e-05,1562674527.3442264,1562674527.3442273,experiment-results/tune/perform_trial,"experiment-results/tune/perform_trial/perform_trial_60_dropout=0.5,hidden_size=8,l1_reg=0.0010305,l2_reg=6.1125e-05,num_layers=3,opt_batch_per_epoch=1521,ssipp_teacher__2019-07-09_02-20-28savfe76i",80049502000000000000004e2e,3,169.229.222.160,0,3,1521,80049502000000000000004e2e,25938.0,0,0,0,0,,80049502000000000000004e2e,,h-add,TERMINATED,128,80049502000000000000004e2e,111,10499.042761087418,10499.042761087418,10499.042761087418,1562674527.0,0.0,,perform_trial,1.0,a066e638,,True
60,False,80049553000000000000008c0e7261792e74756e652e747269616c948c0a436865636b706f696e749493942981947d94288c0773746f72616765948c046469736b948c0576616c7565944e8c0b6c6173745f726573756c74947d9475622e,True,"['_checkpoint', 'loggers', 'sync_function', 'results', 'best_result', 'param_config', 'extra_arg']",-inf,80049502000000000000004e2e,False,0,training_iteration,0.0,28.0,0.0007893854624687507,2.3831109064687568e-05,3.0,1516.0,lm-cut,32.0,110.0,0.15888888888888889,,2019-07-09_07-29-55,True,0.0,,,5af1bc3cab504e0f8cccd9b665eafe15,"61_dropout=0,hidden_size=28,l1_reg=0.00078939,l2_reg=2.3831e-05,num_layers=3,opt_batch_per_epoch=1516,ssipp_teacher_heuristic=lm-cut,supervised_batch_size=32,target_rollouts_per_epoch=110",[],80049502000000000000004e2e,28,[],astar,1.0,,0.0007893854624687507,2.3831109064687568e-05,1562682595.051169,1562682595.051174,experiment-results/tune/perform_trial,"experiment-results/tune/perform_trial/perform_trial_61_dropout=0,hidden_size=28,l1_reg=0.00078939,l2_reg=2.3831e-05,num_layers=3,opt_batch_per_epoch=1516,ssipp_teacher__2019-07-09_04-38-485jec25v1",80049502000000000000004e2e,3,169.229.222.160,0,3,1516,80049502000000000000004e2e,357.0,0,0,0,0,,80049502000000000000004e2e,,lm-cut,TERMINATED,32,80049502000000000000004e2e,110,10265.947167873383,10265.947167873383,10265.947167873383,1562682595.0,0.0,,perform_trial,1.0,ca8e685e,,True
61,False,80049553000000000000008c0e7261792e74756e652e747269616c948c0a436865636b706f696e749493942981947d94288c0773746f72616765948c046469736b948c0576616c7565944e8c0b6c6173745f726573756c74947d9475622e,True,"['_checkpoint', 'loggers', 'sync_function', 'results', 'best_result', 'param_config', 'extra_arg']",-inf,80049502000000000000004e2e,False,0,training_iteration,0.0,8.0,0.0009844012682933302,0.00011215357240214763,1.0,1499.0,h-add,32.0,143.0,0.08888888888888888,,2019-07-09_07-46-02,True,0.0,,,efd4a3dad55a416da3d68c5fe43e00f0,"62_dropout=0,hidden_size=8,l1_reg=0.0009844,l2_reg=0.00011215,num_layers=1,opt_batch_per_epoch=1499,ssipp_teacher_heuristic=h-add,supervised_batch_size=32,target_rollouts_per_epoch=143",[],80049502000000000000004e2e,8,[],astar,1.0,,0.0009844012682933302,0.00011215357240214763,1562683562.4061666,1562683562.4061701,experiment-results/tune/perform_trial,"experiment-results/tune/perform_trial/perform_trial_62_dropout=0,hidden_size=8,l1_reg=0.0009844,l2_reg=0.00011215,num_layers=1,opt_batch_per_epoch=1499,ssipp_teacher_he_2019-07-09_04-54-230b8xxl_9",80049502000000000000004e2e,3,169.229.222.160,0,1,1499,80049502000000000000004e2e,16536.0,0,0,0,0,,80049502000000000000004e2e,,h-add,TERMINATED,32,80049502000000000000004e2e,143,10297.575769662857,10297.575769662857,10297.575769662857,1562683562.0,0.0,,perform_trial,1.0,1e094892,,True
62,False,80049553000000000000008c0e7261792e74756e652e747269616c948c0a436865636b706f696e749493942981947d94288c0773746f72616765948c046469736b948c0576616c7565944e8c0b6c6173745f726573756c74947d9475622e,True,"['_checkpoint', 'loggers', 'sync_function', 'results', 'best_result', 'param_config', 'extra_arg']",-inf,80049502000000000000004e2e,False,0,training_iteration,0.0,13.0,2.667241034094945e-06,0.0001257680912771732,3.0,1433.0,h-add,34.0,143.0,0.18222222222222223,,2019-07-09_07-59-52,True,0.0,,,08fb56e3a86049779b7565dd0db00076,"63_dropout=0,hidden_size=13,l1_reg=2.6672e-06,l2_reg=0.00012577,num_layers=3,opt_batch_per_epoch=1433,ssipp_teacher_heuristic=h-add,supervised_batch_size=34,target_rollouts_per_epoch=143",[],80049502000000000000004e2e,13,[],astar,1.0,,2.667241034094945e-06,0.0001257680912771732,1562684392.2436798,1562684392.2436814,experiment-results/tune/perform_trial,"experiment-results/tune/perform_trial/perform_trial_63_dropout=0,hidden_size=13,l1_reg=2.6672e-06,l2_reg=0.00012577,num_layers=3,opt_batch_per_epoch=1433,ssipp_teacher__2019-07-09_05-08-35rper60ut",80049502000000000000004e2e,3,169.229.222.160,0,3,1433,80049502000000000000004e2e,25032.0,0,0,0,0,,80049502000000000000004e2e,,h-add,TERMINATED,34,80049502000000000000004e2e,143,10276.916634321213,10276.916634321213,10276.916634321213,1562684392.0,0.0,,perform_trial,1.0,4b45160e,,True
63,False,80049553000000000000008c0e7261792e74756e652e747269616c948c0a436865636b706f696e749493942981947d94288c0773746f72616765948c046469736b948c0576616c7565944e8c0b6c6173745f726573756c74947d9475622e,True,"['_checkpoint', 'loggers', 'sync_function', 'results', 'best_result', 'param_config', 'extra_arg']",-inf,80049502000000000000004e2e,False,0,training_iteration,0.0,24.0,5.607045631000075e-06,9.601563950375821e-05,3.0,1329.0,lm-cut,80.0,117.0,0.24333333333333335,,2019-07-09_08-08-26,True,0.0,,,4f237f67b4b64cae9eddd7335aa44fb4,"64_dropout=0,hidden_size=24,l1_reg=5.607e-06,l2_reg=9.6016e-05,num_layers=3,opt_batch_per_epoch=1329,ssipp_teacher_heuristic=lm-cut,supervised_batch_size=80,target_rollouts_per_epoch=117",[],80049502000000000000004e2e,24,[],astar,1.0,,5.607045631000075e-06,9.601563950375821e-05,1562684906.287755,1562684906.287756,experiment-results/tune/perform_trial,"experiment-results/tune/perform_trial/perform_trial_64_dropout=0,hidden_size=24,l1_reg=5.607e-06,l2_reg=9.6016e-05,num_layers=3,opt_batch_per_epoch=1329,ssipp_teacher_h_2019-07-09_05-15-27gbl7qfgu",80049502000000000000004e2e,3,169.229.222.160,0,3,1329,80049502000000000000004e2e,19887.0,0,0,0,0,,80049502000000000000004e2e,,lm-cut,TERMINATED,80,80049502000000000000004e2e,117,10378.397963285446,10378.397963285446,10378.397963285446,1562684906.0,0.0,,perform_trial,1.0,46e26ce0,,True
64,False,80049553000000000000008c0e7261792e74756e652e747269616c948c0a436865636b706f696e749493942981947d94288c0773746f72616765948c046469736b948c0576616c7565944e8c0b6c6173745f726573756c74947d9475622e,True,"['_checkpoint', 'loggers', 'sync_function', 'results', 'best_result', 'param_config', 'extra_arg']",-inf,80049502000000000000004e2e,False,0,training_iteration,0.0,16.0,0.001348414301658192,0.002629053093399309,3.0,1794.0,h-add,95.0,115.0,0.1411111111111111,,2019-07-09_10-21-29,True,0.0,,,d9d0a2f2598f4aeb946b2e1e8c3967b6,"65_dropout=0,hidden_size=16,l1_reg=0.0013484,l2_reg=0.0026291,num_layers=3,opt_batch_per_epoch=1794,ssipp_teacher_heuristic=h-add,supervised_batch_size=95,target_rollouts_per_epoch=115",[],80049502000000000000004e2e,16,[],astar,1.0,,0.001348414301658192,0.002629053093399309,1562692889.6503336,1562692889.6503367,experiment-results/tune/perform_trial,"experiment-results/tune/perform_trial/perform_trial_65_dropout=0,hidden_size=16,l1_reg=0.0013484,l2_reg=0.0026291,num_layers=3,opt_batch_per_epoch=1794,ssipp_teacher_he_2019-07-09_07-29-57q6c2ssjo",80049502000000000000004e2e,3,169.229.222.160,0,3,1794,80049502000000000000004e2e,16531.0,0,0,0,0,,80049502000000000000004e2e,,h-add,TERMINATED,95,80049502000000000000004e2e,115,10291.267627954483,10291.267627954483,10291.267627954483,1562692889.0,0.0,,perform_trial,1.0,3ccc981a,,True
65,False,80049553000000000000008c0e7261792e74756e652e747269616c948c0a436865636b706f696e749493942981947d94288c0773746f72616765948c046469736b948c0576616c7565944e8c0b6c6173745f726573756c74947d9475622e,True,"['_checkpoint', 'loggers', 'sync_function', 'results', 'best_result', 'param_config', 'extra_arg']",-inf,80049502000000000000004e2e,False,0,training_iteration,0.0,30.0,1.0477058329123898e-10,9.193402227058124e-05,3.0,554.0,h-add,120.0,127.0,0.23555555555555557,,2019-07-09_10-36-01,True,0.0,,,ea0e188930984f3c937c544ede14a2db,"66_dropout=0,hidden_size=30,l1_reg=1.0477e-10,l2_reg=9.1934e-05,num_layers=3,opt_batch_per_epoch=554,ssipp_teacher_heuristic=h-add,supervised_batch_size=120,target_rollouts_per_epoch=127",[],80049502000000000000004e2e,30,[],astar,1.0,,1.0477058329123898e-10,9.193402227058124e-05,1562693761.0640655,1562693761.0640714,experiment-results/tune/perform_trial,"experiment-results/tune/perform_trial/perform_trial_66_dropout=0,hidden_size=30,l1_reg=1.0477e-10,l2_reg=9.1934e-05,num_layers=3,opt_batch_per_epoch=554,ssipp_teacher_h_2019-07-09_07-46-04cf4cl9wb",80049502000000000000004e2e,3,169.229.222.160,0,3,554,80049502000000000000004e2e,25939.0,0,0,0,0,,80049502000000000000004e2e,,h-add,TERMINATED,120,80049502000000000000004e2e,127,10196.291389226913,10196.291389226913,10196.291389226913,1562693761.0,0.0,,perform_trial,1.0,068b8208,,True
66,False,80049553000000000000008c0e7261792e74756e652e747269616c948c0a436865636b706f696e749493942981947d94288c0773746f72616765948c046469736b948c0576616c7565944e8c0b6c6173745f726573756c74947d9475622e,True,"['_checkpoint', 'loggers', 'sync_function', 'results', 'best_result', 'param_config', 'extra_arg']",-inf,80049502000000000000004e2e,False,0,training_iteration,0.0,16.0,0.002977174515262018,0.00010024307727076506,3.0,171.0,lm-cut,36.0,109.0,0.035555555555555556,,2019-07-09_10-50-47,True,0.0,,,a345b4fd230c4042ac02cad8db4965de,"67_dropout=0,hidden_size=16,l1_reg=0.0029772,l2_reg=0.00010024,num_layers=3,opt_batch_per_epoch=171,ssipp_teacher_heuristic=lm-cut,supervised_batch_size=36,target_rollouts_per_epoch=109",[],80049502000000000000004e2e,16,[],astar,1.0,,0.002977174515262018,0.00010024307727076506,1562694647.997973,1562694647.9979753,experiment-results/tune/perform_trial,"experiment-results/tune/perform_trial/perform_trial_67_dropout=0,hidden_size=16,l1_reg=0.0029772,l2_reg=0.00010024,num_layers=3,opt_batch_per_epoch=171,ssipp_teacher_he_2019-07-09_07-59-52cwak1lwm",80049502000000000000004e2e,3,169.229.222.160,0,3,171,80049502000000000000004e2e,25934.0,0,0,0,0,,80049502000000000000004e2e,,lm-cut,TERMINATED,36,80049502000000000000004e2e,109,10255.154086828232,10255.154086828232,10255.154086828232,1562694647.0,0.0,,perform_trial,1.0,47089058,,True
67,False,80049553000000000000008c0e7261792e74756e652e747269616c948c0a436865636b706f696e749493942981947d94288c0773746f72616765948c046469736b948c0576616c7565944e8c0b6c6173745f726573756c74947d9475622e,True,"['_checkpoint', 'loggers', 'sync_function', 'results', 'best_result', 'param_config', 'extra_arg']",-inf,80049502000000000000004e2e,False,0,training_iteration,0.0,16.0,4.452292862797058e-07,0.006351537205247357,3.0,250.0,h-add,63.0,132.0,0.15555555555555553,,2019-07-09_11-02-24,True,0.0,,,2c1d8bfd9b7f420599e4fb6bcd5b31f5,"68_dropout=0,hidden_size=16,l1_reg=4.4523e-07,l2_reg=0.0063515,num_layers=3,opt_batch_per_epoch=250,ssipp_teacher_heuristic=h-add,supervised_batch_size=63,target_rollouts_per_epoch=132",[],80049502000000000000004e2e,16,[],astar,1.0,,4.452292862797058e-07,0.006351537205247357,1562695344.4352353,1562695344.4352372,experiment-results/tune/perform_trial,"experiment-results/tune/perform_trial/perform_trial_68_dropout=0,hidden_size=16,l1_reg=4.4523e-07,l2_reg=0.0063515,num_layers=3,opt_batch_per_epoch=250,ssipp_teacher_he_2019-07-09_08-08-260q2d35xr",80049502000000000000004e2e,3,169.229.222.160,0,3,250,80049502000000000000004e2e,18923.0,0,0,0,0,,80049502000000000000004e2e,,h-add,TERMINATED,63,80049502000000000000004e2e,132,10437.51017165184,10437.51017165184,10437.51017165184,1562695344.0,0.0,,perform_trial,1.0,34bfde54,,True
68,False,80049553000000000000008c0e7261792e74756e652e747269616c948c0a436865636b706f696e749493942981947d94288c0773746f72616765948c046469736b948c0576616c7565944e8c0b6c6173745f726573756c74947d9475622e,True,"['_checkpoint', 'loggers', 'sync_function', 'results', 'best_result', 'param_config', 'extra_arg']",-inf,80049502000000000000004e2e,False,0,training_iteration,,,,,,,,,,,,,,0.0,,,,"69_dropout=0,hidden_size=17,l1_reg=0.0031386,l2_reg=6.4207e-05,num_layers=3,opt_batch_per_epoch=1509,ssipp_teacher_heuristic=h-add,supervised_batch_size=99,target_rollouts_per_epoch=138",[],80049502000000000000004e2e,17,[],,,,0.0031385553262907235,6.420679100578705e-05,0.0,-inf,experiment-results/tune/perform_trial,"experiment-results/tune/perform_trial/perform_trial_69_dropout=0,hidden_size=17,l1_reg=0.0031386,l2_reg=6.4207e-05,num_layers=3,opt_batch_per_epoch=1509,ssipp_teacher_h_2019-07-09_10-21-31jj61yr5c",80049502000000000000004e2e,3,,0,3,1509,80049502000000000000004e2e,,0,0,0,0,,80049502000000000000004e2e,,h-add,ERROR,99,80049502000000000000004e2e,138,,,,,,,perform_trial,,672fa292,,True
69,True,80049553000000000000008c0e7261792e74756e652e747269616c948c0a436865636b706f696e749493942981947d94288c0773746f72616765948c046469736b948c0576616c7565944e8c0b6c6173745f726573756c74947d9475622e,True,"['_checkpoint', 'loggers', 'sync_function', 'results', 'best_result', 'param_config', 'extra_arg']",-inf,80049502000000000000004e2e,False,0,training_iteration,,,,,,,,,,,,,,0.0,,,,"70_dropout=0,hidden_size=28,l1_reg=1.2274e-08,l2_reg=0.0026434,num_layers=3,opt_batch_per_epoch=607,ssipp_teacher_heuristic=h-add,supervised_batch_size=126,target_rollouts_per_epoch=125",[],80049502000000000000004e2e,28,[],,,,1.2274296592018243e-08,0.002643372824291073,0.0,-inf,experiment-results/tune/perform_trial,"experiment-results/tune/perform_trial/perform_trial_70_dropout=0,hidden_size=28,l1_reg=1.2274e-08,l2_reg=0.0026434,num_layers=3,opt_batch_per_epoch=607,ssipp_teacher_he_2019-07-09_10-36-03emdn803a",80049502000000000000004e2e,3,,0,3,607,80049502000000000000004e2e,,0,0,0,0,,80049502000000000000004e2e,,h-add,RUNNING,126,80049502000000000000004e2e,125,,,,,,,perform_trial,,fea3ba98,,True
70,True,80049553000000000000008c0e7261792e74756e652e747269616c948c0a436865636b706f696e749493942981947d94288c0773746f72616765948c046469736b948c0576616c7565944e8c0b6c6173745f726573756c74947d9475622e,True,"['_checkpoint', 'loggers', 'sync_function', 'results', 'best_result', 'param_config', 'extra_arg']",-inf,80049502000000000000004e2e,False,0,training_iteration,,,,,,,,,,,,,,0.0,,,,"71_dropout=0,hidden_size=28,l1_reg=1.2274e-08,l2_reg=0.0026434,num_layers=3,opt_batch_per_epoch=607,ssipp_teacher_heuristic=h-add,supervised_batch_size=126,target_rollouts_per_epoch=125",[],80049502000000000000004e2e,28,[],,,,1.2274296592018243e-08,0.002643372824291073,0.0,-inf,experiment-results/tune/perform_trial,"experiment-results/tune/perform_trial/perform_trial_71_dropout=0,hidden_size=28,l1_reg=1.2274e-08,l2_reg=0.0026434,num_layers=3,opt_batch_per_epoch=607,ssipp_teacher_he_2019-07-09_10-42-31aeatous6",80049502000000000000004e2e,3,,0,3,607,80049502000000000000004e2e,,0,0,0,0,,80049502000000000000004e2e,,h-add,RUNNING,126,80049502000000000000004e2e,125,,,,,,,perform_trial,,061b06da,,True
71,True,80049553000000000000008c0e7261792e74756e652e747269616c948c0a436865636b706f696e749493942981947d94288c0773746f72616765948c046469736b948c0576616c7565944e8c0b6c6173745f726573756c74947d9475622e,True,"['_checkpoint', 'loggers', 'sync_function', 'results', 'best_result', 'param_config', 'extra_arg']",-inf,80049502000000000000004e2e,False,0,training_iteration,,,,,,,,,,,,,,0.0,,,,"72_dropout=0,hidden_size=19,l1_reg=4.7682e-05,l2_reg=9.628e-05,num_layers=3,opt_batch_per_epoch=344,ssipp_teacher_heuristic=lm-cut,supervised_batch_size=128,target_rollouts_per_epoch=126",[],80049502000000000000004e2e,19,[],,,,4.768159003353306e-05,9.628039786212297e-05,0.0,-inf,experiment-results/tune/perform_trial,"experiment-results/tune/perform_trial/perform_trial_72_dropout=0,hidden_size=19,l1_reg=4.7682e-05,l2_reg=9.628e-05,num_layers=3,opt_batch_per_epoch=344,ssipp_teacher_he_2019-07-09_10-50-48g_yeak07",80049502000000000000004e2e,3,,0,3,344,80049502000000000000004e2e,,0,0,0,0,,80049502000000000000004e2e,,lm-cut,RUNNING,128,80049502000000000000004e2e,126,,,,,,,perform_trial,,ed5b6e54,,True
72,True,80049553000000000000008c0e7261792e74756e652e747269616c948c0a436865636b706f696e749493942981947d94288c0773746f72616765948c046469736b948c0576616c7565944e8c0b6c6173745f726573756c74947d9475622e,True,"['_checkpoint', 'loggers', 'sync_function', 'results', 'best_result', 'param_config', 'extra_arg']",-inf,80049502000000000000004e2e,False,0,training_iteration,,,,,,,,,,,,,,0.0,,,,"73_dropout=0,hidden_size=32,l1_reg=2.3921e-09,l2_reg=1.2866e-05,num_layers=3,opt_batch_per_epoch=134,ssipp_teacher_heuristic=lm-cut,supervised_batch_size=78,target_rollouts_per_epoch=134",[],80049502000000000000004e2e,32,[],,,,2.3920871133168846e-09,1.2866439017870157e-05,0.0,-inf,experiment-results/tune/perform_trial,"experiment-results/tune/perform_trial/perform_trial_73_dropout=0,hidden_size=32,l1_reg=2.3921e-09,l2_reg=1.2866e-05,num_layers=3,opt_batch_per_epoch=134,ssipp_teacher_h_2019-07-09_11-02-246uvu8sua",80049502000000000000004e2e,3,,0,3,134,80049502000000000000004e2e,,0,0,0,0,,80049502000000000000004e2e,,lm-cut,RUNNING,78,80049502000000000000004e2e,134,,,,,,,perform_trial,,15a9d1ce,,True
